"Time (s)","Latitude (°)","Longitude (°)","Height (m)","Velocity (m/s)","Direction (°)","Horizontal Accuracy (m)","Vertical Accuracy (m)"
1.957801613E0,6.469552530E1,2.452328481E1,7.272141246E0,6.899999976E-1,1.445000000E2,7.500000000E0,1.700000000E1
2.816826266E0,6.469549919E1,2.452337416E1,1.927214488E1,6.899999976E-1,1.400000000E2,7.000000000E0,1.400000000E1
3.823214955E0,6.469551608E1,2.452332613E1,8.272143547E0,8.199999928E-1,1.465000000E2,7.000000000E0,1.300000000E1
4.816932862E0,6.469553833E1,2.452335136E1,9.272151020E0,4.099999964E-1,1.336000061E2,7.000000000E0,1.300000000E1
7.125502612E0,6.469553925E1,2.452336527E1,1.027215267E1,3.999999911E-2,0.000000000E0,6.000000000E0,1.100000000E1
7.817013606E0,6.469553296E1,2.452333912E1,1.127214858E1,4.999999702E-2,0.000000000E0,3.500000000E0,5.000000000E0
8.816994684E0,6.469553950E1,2.452330685E1,1.027214663E1,1.700000018E-1,4.370000076E1,3.000000000E0,4.000000000E0
9.816994684E0,6.469553971E1,2.452330811E1,1.027214681E1,0.000000000E0,NaN,3.000000000E0,4.000000000E0
1.081699456E1,6.469553971E1,2.452330811E1,1.027214681E1,0.000000000E0,NaN,3.000000000E0,4.000000000E0
1.181699450E1,6.469553971E1,2.452330811E1,1.027214681E1,0.000000000E0,NaN,2.500000000E0,4.000000000E0
1.281699438E1,6.469553971E1,2.452330811E1,1.027214681E1,0.000000000E0,NaN,2.500000000E0,4.000000000E0
1.381699427E1,6.469553971E1,2.452330811E1,1.027214681E1,0.000000000E0,NaN,2.500000000E0,4.000000000E0
1.522164686E1,6.469573540E1,2.452414870E1,1.007227831E1,NaN,NaN,3.275799942E1,3.598054171E0
1.892001071E1,6.469178122E1,2.453136060E1,8.272143121E0,1.509999990E0,1.249000015E2,3.500000000E0,6.000000000E0
1.992001142E1,6.469177825E1,2.453134770E1,8.272141149E0,1.439999938E0,1.249000015E2,3.500000000E0,5.000000000E0
2.092001229E1,6.469175889E1,2.453134459E1,7.272136492E0,1.549999952E0,1.881000061E2,2.500000000E0,4.000000000E0
2.192001316E1,6.469174204E1,2.453134669E1,7.272132924E0,1.549999952E0,1.923999939E2,2.500000000E0,4.000000000E0
2.292001393E1,6.469172934E1,2.453134107E1,8.272129508E0,1.569999933E0,2.091000061E2,2.500000000E0,3.000000000E0
2.392001480E1,6.469171870E1,2.453132674E1,8.272125672E0,1.539999962E0,2.163000031E2,2.500000000E0,3.000000000E0
2.492001556E1,6.469170746E1,2.453131467E1,9.272121933E0,1.480000019E0,2.106000061E2,2.500000000E0,3.000000000E0
2.592001642E1,6.469169782E1,2.453129439E1,8.272117721E0,1.529999971E0,2.173000031E2,2.500000000E0,3.000000000E0
2.692001727E1,6.469168701E1,2.453127016E1,8.272112849E0,1.599999905E0,2.166000061E2,2.500000000E0,3.000000000E0
2.792001805E1,6.469167540E1,2.453125038E1,8.272108248E0,1.549999952E0,2.146000061E2,2.500000000E0,2.000000000E0
2.892001892E1,6.469166400E1,2.453123177E1,8.272103812E0,1.549999952E0,2.150000000E2,2.500000000E0,2.000000000E0
2.992001970E1,6.469165420E1,2.453121794E1,9.272100216E0,1.549999952E0,2.118000031E2,2.500000000E0,2.000000000E0
3.092002056E1,6.469164200E1,2.453120554E1,9.272096229E0,1.579999924E0,2.101000061E2,2.500000000E0,2.000000000E0
3.192002141E1,6.469162662E1,2.453118458E1,9.272090665E0,1.509999990E0,2.116000061E2,2.500000000E0,2.000000000E0
3.292002228E1,6.469161631E1,2.453116799E1,9.272086678E0,1.519999981E0,2.141999969E2,2.500000000E0,2.000000000E0
3.392002313E1,6.469160432E1,2.453114837E1,8.272082011E0,1.490000010E0,2.186999969E2,2.500000000E0,2.000000000E0
3.492002399E1,6.469159322E1,2.453113111E1,9.272077778E0,1.490000010E0,2.175000000E2,2.500000000E0,2.000000000E0
3.592002483E1,6.469158169E1,2.453111711E1,9.272073782E0,1.610000014E0,2.145000000E2,2.500000000E0,2.000000000E0
3.692002571E1,6.469157055E1,2.453109364E1,9.272068915E0,1.549999952E0,2.156999969E2,2.500000000E0,2.000000000E0
3.792002657E1,6.469156011E1,2.453107327E1,9.272064521E0,1.459999919E0,2.118999939E2,2.500000000E0,2.000000000E0
3.892002746E1,6.469154775E1,2.453105098E1,9.272059501E0,1.500000000E0,2.168999939E2,2.500000000E0,2.000000000E0
3.992002835E1,6.469153672E1,2.453104368E1,9.272056295E0,1.549999952E0,2.151000061E2,2.500000000E0,2.000000000E0
4.092002933E1,6.469152574E1,2.453102214E1,9.272051662E0,1.569999933E0,2.148000031E2,2.500000000E0,2.000000000E0
4.192003024E1,6.469151179E1,2.453100043E1,9.272046345E0,1.490000010E0,2.155000000E2,2.500000000E0,2.000000000E0
4.292003111E1,6.469150014E1,2.453098124E1,9.272041799E0,1.740000010E0,2.201000061E2,2.500000000E0,2.000000000E0
4.392003208E1,6.469149071E1,2.453095400E1,9.272036939E0,1.620000005E0,2.193999939E2,2.500000000E0,2.000000000E0
4.492003299E1,6.469147772E1,2.453093614E1,9.272032228E0,1.549999952E0,2.153000031E2,2.500000000E0,2.000000000E0
4.592003395E1,6.469146757E1,2.453091343E1,9.272027666E0,1.559999943E0,2.140000000E2,2.500000000E0,2.000000000E0
4.692003485E1,6.469145538E1,2.453089859E1,9.272023439E0,1.509999990E0,2.128000031E2,2.500000000E0,2.000000000E0
4.792003581E1,6.469144310E1,2.453088015E1,1.027201883E1,1.559999943E0,2.123999939E2,2.500000000E0,2.000000000E0
4.892003687E1,6.469143057E1,2.453086632E1,1.027201463E1,1.599999905E0,2.173000031E2,2.500000000E0,2.000000000E0
4.992003782E1,6.469141938E1,2.453085358E1,1.027201084E1,1.529999971E0,2.191000061E2,2.500000000E0,2.000000000E0
5.092003876E1,6.469140848E1,2.453083397E1,1.027200642E1,1.529999971E0,2.170000000E2,2.500000000E0,2.000000000E0
5.192003982E1,6.469139520E1,2.453081737E1,1.027200178E1,1.610000014E0,2.161000061E2,2.500000000E0,2.000000000E0
5.292004077E1,6.469138241E1,2.453079893E1,1.027199706E1,1.459999919E0,2.173000031E2,2.500000000E0,2.000000000E0
5.392004175E1,6.469137110E1,2.453077211E1,1.027199182E1,1.579999924E0,2.135000000E2,2.500000000E0,2.000000000E0
5.492004276E1,6.469135907E1,2.453075250E1,1.027198715E1,1.549999952E0,2.135000000E2,2.500000000E0,2.000000000E0
5.592004379E1,6.469134742E1,2.453073112E1,1.027198239E1,1.569999933E0,2.146999969E2,2.500000000E0,2.000000000E0
5.692004487E1,6.469133443E1,2.453070866E1,1.027197722E1,1.559999943E0,2.151999969E2,2.500000000E0,2.000000000E0
5.792004587E1,6.469132118E1,2.453068536E1,1.027197191E1,1.529999971E0,2.171999969E2,2.500000000E0,2.000000000E0
5.892004690E1,6.469130920E1,2.453066088E1,1.027196676E1,1.539999962E0,2.181000061E2,2.500000000E0,1.000000000E0
5.992004793E1,6.469129943E1,2.453064093E1,1.027196257E1,1.569999933E0,2.188999939E2,2.500000000E0,2.000000000E0
6.092004902E1,6.469128862E1,2.453061327E1,1.027195737E1,1.569999933E0,2.176999969E2,2.500000000E0,2.000000000E0
6.192005005E1,6.469127915E1,2.453059240E1,1.027195315E1,1.569999933E0,2.173000031E2,2.500000000E0,2.000000000E0
6.292005112E1,6.469126800E1,2.453057120E1,1.027194852E1,1.250000000E0,2.151999969E2,2.500000000E0,2.000000000E0
6.392005215E1,6.469125807E1,2.453054739E1,1.027194390E1,1.539999962E0,2.176000061E2,2.500000000E0,2.000000000E0
6.492005324E1,6.469124742E1,2.453052660E1,1.027193943E1,1.579999924E0,2.185000000E2,2.500000000E0,1.000000000E0
6.592005439E1,6.469123506E1,2.453050565E1,1.027193455E1,1.569999933E0,2.155000000E2,2.500000000E0,1.000000000E0
6.692005549E1,6.469122387E1,2.453048570E1,1.027193004E1,1.549999952E0,2.158000031E2,2.500000000E0,2.000000000E0
6.792005657E1,6.469120933E1,2.453047045E1,1.027192526E1,1.699999928E0,2.183000031E2,2.500000000E0,2.000000000E0
6.892005765E1,6.469119893E1,2.453044698E1,1.027192057E1,1.549999952E0,2.196000061E2,2.500000000E0,2.000000000E0
6.992005878E1,6.469118963E1,2.453042862E1,1.027191664E1,1.679999948E0,2.188999939E2,2.500000000E0,2.000000000E0
7.092005987E1,6.469117861E1,2.453040607E1,1.027191191E1,1.549999952E0,2.208000031E2,2.500000000E0,2.000000000E0
7.192006101E1,6.469116704E1,2.453038839E1,1.027190755E1,1.519999981E0,2.203000031E2,2.500000000E0,2.000000000E0
7.292006216E1,6.469115485E1,2.453036886E1,1.027190286E1,1.620000005E0,2.151999969E2,2.500000000E0,2.000000000E0
7.392006338E1,6.469114311E1,2.453034639E1,1.127189798E1,1.559999943E0,2.183999939E2,2.500000000E0,2.000000000E0
7.492006453E1,6.469113209E1,2.453032343E1,1.127189320E1,1.639999986E0,2.278000031E2,2.500000000E0,2.000000000E0
7.592006569E1,6.469112086E1,2.453030004E1,1.027188834E1,1.639999986E0,2.253000031E2,2.500000000E0,2.000000000E0
7.692006680E1,6.469110921E1,2.453027959E1,1.027188368E1,1.750000000E0,2.193000031E2,2.500000000E0,2.000000000E0
7.792006803E1,6.469109885E1,2.453025696E1,1.027187909E1,1.579999924E0,2.218999939E2,2.500000000E0,2.000000000E0
7.892006919E1,6.469109072E1,2.453023651E1,1.027187522E1,1.589999914E0,2.276000061E2,2.500000000E0,2.000000000E0
7.992007038E1,6.469108029E1,2.453021488E1,1.027187072E1,1.639999986E0,2.183000031E2,2.500000000E0,2.000000000E0
8.092007156E1,6.469106851E1,2.453019468E1,1.027186606E1,1.740000010E0,2.190000000E2,2.500000000E0,2.000000000E0
8.192007286E1,6.469105653E1,2.453016895E1,1.027186079E1,1.669999957E0,2.183000031E2,2.500000000E0,2.000000000E0
8.292007403E1,6.469104743E1,2.453014221E1,9.271856076E0,1.699999928E0,2.216000061E2,2.500000000E0,2.000000000E0
8.392007526E1,6.469103410E1,2.453011296E1,9.271850161E0,1.649999976E0,2.238000031E2,2.500000000E0,2.000000000E0
8.492007653E1,6.469102153E1,2.453009066E1,9.271845113E0,1.669999957E0,2.218000031E2,2.500000000E0,2.000000000E0
8.592007772E1,6.469100791E1,2.453007247E1,9.271840245E0,1.659999967E0,2.183999939E2,2.500000000E0,2.000000000E0
8.692007902E1,6.469099643E1,2.453004909E1,9.271835333E0,1.599999905E0,2.181999969E2,2.500000000E0,2.000000000E0
8.792008019E1,6.469098264E1,2.453002797E1,9.271830133E0,1.610000014E0,2.165000000E2,2.500000000E0,2.000000000E0
8.892008150E1,6.469097317E1,2.453000207E1,9.271825418E0,1.639999986E0,2.195000000E2,2.500000000E0,2.000000000E0
8.992008280E1,6.469095795E1,2.452997549E1,8.271819355E0,1.779999971E0,2.193000031E2,2.500000000E0,2.000000000E0
9.092008409E1,6.469094534E1,2.452995161E1,7.271814141E0,1.629999995E0,2.175000000E2,2.500000000E0,2.000000000E0
9.192008536E1,6.469093373E1,2.452993023E1,8.271809405E0,1.639999986E0,2.208000031E2,2.500000000E0,2.000000000E0
9.292008661E1,6.469092149E1,2.452991431E1,8.271805076E0,1.629999995E0,2.180000000E2,2.500000000E0,2.000000000E0
9.392008797E1,6.469090976E1,2.452989620E1,8.271800640E0,1.559999943E0,2.181000061E2,2.500000000E0,2.000000000E0
9.492008922E1,6.469089706E1,2.452987365E1,8.271795544E0,1.559999943E0,2.173000031E2,2.500000000E0,2.000000000E0
9.592009056E1,6.469088340E1,2.452985337E1,7.271790461E0,1.849999905E0,2.146999969E2,2.500000000E0,2.000000000E0
9.692009190E1,6.469086999E1,2.452983074E1,6.271785199E0,1.649999976E0,2.156000061E2,2.500000000E0,2.000000000E0
9.792009321E1,6.469085846E1,2.452981180E1,6.271780728E0,1.599999905E0,2.158999939E2,2.500000000E0,2.000000000E0
9.892009459E1,6.469084945E1,2.452978841E1,7.271776372E0,1.500000000E0,2.186000061E2,2.500000000E0,2.000000000E0
9.992009593E1,6.469083470E1,2.452976502E1,7.271770736E0,1.490000010E0,2.176999969E2,2.500000000E0,2.000000000E0
1.009200973E2,6.469082037E1,2.452974700E1,8.271765733E0,1.549999952E0,2.150000000E2,2.500000000E0,2.000000000E0
1.019200986E2,6.469081039E1,2.452972412E1,9.271761214E0,1.559999943E0,2.163999939E2,2.500000000E0,2.000000000E0
1.029201000E2,6.469079949E1,2.452971540E1,1.027175791E1,1.559999943E0,2.183999939E2,2.500000000E0,2.000000000E0
1.039201013E2,6.469078453E1,2.452969353E1,1.027175238E1,1.519999981E0,2.185000000E2,2.500000000E0,2.000000000E0
1.049201027E2,6.469077657E1,2.452966972E1,1.027174822E1,1.509999990E0,2.175000000E2,2.500000000E0,2.000000000E0
1.059201041E2,6.469076877E1,2.452964542E1,1.027174404E1,1.350000024E0,2.181000061E2,2.500000000E0,2.000000000E0
1.069201054E2,6.469075691E1,2.452962538E1,1.027173939E1,1.429999948E0,2.185000000E2,2.500000000E0,2.000000000E0
1.079201069E2,6.469074677E1,2.452960610E1,1.027173520E1,1.429999948E0,2.176000061E2,2.500000000E0,2.000000000E0
1.089201083E2,6.469073085E1,2.452959009E1,1.027173005E1,1.480000019E0,2.153999939E2,2.500000000E0,2.000000000E0
1.099201098E2,6.469071643E1,2.452955548E1,1.027172337E1,1.539999962E0,2.141999969E2,2.500000000E0,2.000000000E0
1.109201111E2,6.469070599E1,2.452954047E1,9.271719537E0,1.599999905E0,2.175000000E2,2.500000000E0,2.000000000E0
1.119201125E2,6.469069145E1,2.452951390E1,1.027171363E1,1.439999938E0,2.123999939E2,2.500000000E0,2.000000000E0
1.129201139E2,6.469067909E1,2.452949312E1,1.027170880E1,1.519999981E0,2.123999939E2,2.500000000E0,2.000000000E0
1.139201154E2,6.469066869E1,2.452947836E1,1.027170500E1,1.500000000E0,2.103000031E2,2.500000000E0,2.000000000E0
1.149201168E2,6.469065495E1,2.452945925E1,1.027170003E1,1.350000024E0,2.120000000E2,2.500000000E0,2.000000000E0
1.159201182E2,6.469064502E1,2.452944827E1,1.027169672E1,1.419999957E0,2.096000061E2,2.500000000E0,2.000000000E0
1.169201197E2,6.469063504E1,2.452942581E1,1.027169225E1,1.500000000E0,2.136999969E2,2.500000000E0,2.000000000E0
1.179201212E2,6.469062394E1,2.452940737E1,1.027168793E1,1.480000019E0,2.146000061E2,2.500000000E0,2.000000000E0
1.189201226E2,6.469060876E1,2.452938432E1,1.027168224E1,1.509999990E0,2.163999939E2,2.500000000E0,2.000000000E0
1.199201241E2,6.469059778E1,2.452936286E1,1.027167765E1,1.389999986E0,2.166000061E2,2.500000000E0,2.000000000E0
1.209201256E2,6.469058668E1,2.452933160E1,1.027167204E1,1.389999986E0,2.188999939E2,2.500000000E0,2.000000000E0
1.219201271E2,6.469057176E1,2.452931114E1,1.027166668E1,1.399999976E0,2.183000031E2,2.500000000E0,2.000000000E0
1.229201285E2,6.469055923E1,2.452928650E1,1.027166142E1,1.459999919E0,2.160000000E2,2.500000000E0,3.000000000E0
1.239201300E2,6.469054745E1,2.452927200E1,1.027165735E1,1.539999962E0,2.138000031E2,2.500000000E0,2.000000000E0
1.249201315E2,6.469053777E1,2.452924778E1,1.027165277E1,1.399999976E0,2.093000031E2,2.500000000E0,2.000000000E0
1.259201330E2,6.469052272E1,2.452922758E1,1.027164740E1,1.589999914E0,2.153000031E2,2.500000000E0,3.000000000E0
1.269201345E2,6.469050550E1,2.452921861E1,9.271642669E0,1.569999933E0,2.145000000E2,2.500000000E0,2.000000000E0
1.279201361E2,6.469049502E1,2.452920000E1,9.271638476E0,1.709999919E0,2.156000061E2,2.500000000E0,2.000000000E0
1.289201376E2,6.469048454E1,2.452918382E1,9.271634527E0,1.669999957E0,2.130000000E2,2.500000000E0,2.000000000E0
1.299201391E2,6.469047013E1,2.452915767E1,9.271628704E0,1.669999957E0,2.168999939E2,2.500000000E0,2.000000000E0
1.309201407E2,6.469045852E1,2.452913144E1,9.271623498E0,1.469999909E0,2.085000000E2,2.500000000E0,2.000000000E0
1.319201422E2,6.469044678E1,2.452911559E1,9.271619303E0,1.429999948E0,2.130000000E2,2.500000000E0,2.000000000E0
1.329201438E2,6.469043413E1,2.452909640E1,9.271614569E0,1.559999943E0,2.171999969E2,2.500000000E0,2.000000000E0
1.339201453E2,6.469042243E1,2.452907603E1,9.271609932E0,1.539999962E0,2.173999939E2,2.500000000E0,2.000000000E0
1.349201469E2,6.469041158E1,2.452905550E1,9.271605466E0,1.399999976E0,2.243000031E2,2.500000000E0,2.000000000E0
1.359201484E2,6.469040731E1,2.452903228E1,9.271602194E0,1.309999943E0,2.320000000E2,2.500000000E0,2.000000000E0
1.369201501E2,6.469040622E1,2.452900780E1,9.271599506E0,1.259999990E0,2.692999878E2,2.500000000E0,2.000000000E0
1.379201517E2,6.469041263E1,2.452898702E1,9.271598854E0,1.500000000E0,2.967000122E2,2.500000000E0,2.000000000E0
1.389201532E2,6.469042256E1,2.452895818E1,9.271598181E0,1.569999933E0,3.078999939E2,2.500000000E0,2.000000000E0
1.399201548E2,6.469043107E1,2.452893077E1,9.271597332E0,1.549999952E0,3.043999939E2,2.500000000E0,2.000000000E0
1.409201564E2,6.469043978E1,2.452890295E1,9.271596488E0,1.559999943E0,3.033999939E2,2.500000000E0,2.000000000E0
1.419201580E2,6.469044968E1,2.452887914E1,9.271596307E0,1.589999914E0,3.075000000E2,2.500000000E0,2.000000000E0
1.429201596E2,6.469045848E1,2.452885408E1,1.027159576E1,1.469999909E0,3.047000122E2,2.500000000E0,2.000000000E0
1.439201612E2,6.469046745E1,2.452883019E1,1.027159536E1,1.669999957E0,3.058999939E2,2.500000000E0,2.000000000E0
1.449201628E2,6.469047750E1,2.452880412E1,9.271594990E0,1.659999967E0,3.077000122E2,2.500000000E0,2.000000000E0
1.459201645E2,6.469048614E1,2.452877504E1,1.027159400E1,1.549999952E0,3.072000122E2,2.500000000E0,2.000000000E0
1.469201661E2,6.469049448E1,2.452875149E1,1.027159350E1,1.500000000E0,3.056000061E2,2.500000000E0,2.000000000E0
1.479201677E2,6.469050307E1,2.452872466E1,1.027159272E1,1.519999981E0,3.047999878E2,2.500000000E0,2.000000000E0
1.489201695E2,6.469051099E1,2.452869943E1,1.027159196E1,1.529999971E0,3.017999878E2,2.500000000E0,2.000000000E0
1.499201711E2,6.469051816E1,2.452866867E1,1.027159047E1,1.469999909E0,3.037999878E2,2.500000000E0,2.000000000E0
1.509201727E2,6.469052545E1,2.452863263E1,1.027158849E1,1.490000010E0,3.035000000E2,2.500000000E0,2.000000000E0
1.519201744E2,6.469053316E1,2.452860053E1,1.127158699E1,1.639999986E0,2.946000061E2,2.500000000E0,2.000000000E0
1.529201760E2,6.469054347E1,2.452857102E1,1.127158632E1,1.539999962E0,3.033999939E2,2.500000000E0,2.000000000E0
1.539201777E2,6.469055529E1,2.452854152E1,1.127158600E1,1.559999943E0,3.062000122E2,2.500000000E0,2.000000000E0
1.549201793E2,6.469056484E1,2.452851176E1,1.127158514E1,1.509999990E0,3.038999939E2,2.500000000E0,2.000000000E0
1.559201810E2,6.469057670E1,2.452848259E1,1.227158485E1,1.490000010E0,3.041000061E2,2.500000000E0,2.000000000E0
1.569201827E2,6.469058617E1,2.452845175E1,1.227158387E1,1.549999952E0,3.053999939E2,2.500000000E0,2.000000000E0
1.579201844E2,6.469059242E1,2.452842535E1,1.127158261E1,1.549999952E0,3.072999878E2,2.500000000E0,2.000000000E0
1.589201861E2,6.469060097E1,2.452839718E1,1.227158169E1,1.490000010E0,3.150000000E2,2.500000000E0,2.000000000E0
1.599201878E2,6.469061249E1,2.452837816E1,1.227158234E1,1.389999986E0,3.196000061E2,2.500000000E0,2.000000000E0
1.609201895E2,6.469062130E1,2.452834806E1,1.227158128E1,1.569999933E0,3.106000061E2,2.500000000E0,2.000000000E0
1.619201912E2,6.469063152E1,2.452831588E1,1.327158032E1,1.350000024E0,3.055000000E2,2.500000000E0,2.000000000E0
1.629201930E2,6.469064120E1,2.452828327E1,1.327157921E1,1.559999943E0,3.042999878E2,2.500000000E0,2.000000000E0
1.639201947E2,6.469065264E1,2.452825746E1,1.327157916E1,1.709999919E0,3.056000061E2,2.500000000E0,2.000000000E0
1.649201964E2,6.469066400E1,2.452823390E1,1.427157932E1,1.610000014E0,3.073999939E2,2.500000000E0,2.000000000E0
1.659201981E2,6.469067360E1,2.452821404E1,1.427157945E1,1.539999962E0,3.107999878E2,2.500000000E0,2.000000000E0
1.669201999E2,6.469068261E1,2.452818638E1,1.427157868E1,1.519999981E0,3.113999939E2,2.500000000E0,2.000000000E0
1.679202016E2,6.469069191E1,2.452816039E1,1.427157814E1,1.480000019E0,3.105000000E2,2.500000000E0,2.000000000E0
1.689202034E2,6.469070180E1,2.452814003E1,1.327157829E1,1.579999924E0,3.092000122E2,2.500000000E0,2.000000000E0
1.699202051E2,6.469071220E1,2.452811329E1,1.427157792E1,1.599999905E0,3.072999878E2,2.500000000E0,2.000000000E0
1.709202069E2,6.469072188E1,2.452809392E1,1.427157812E1,1.549999952E0,3.075000000E2,2.500000000E0,2.000000000E0
1.719202087E2,6.469072946E1,2.452806417E1,1.427157682E1,1.589999914E0,3.085000000E2,2.500000000E0,2.000000000E0
1.729202105E2,6.469073835E1,2.452803877E1,1.327157624E1,1.370000005E0,3.062999878E2,2.500000000E0,2.000000000E0
1.739202122E2,6.469074828E1,2.452800935E1,1.327157550E1,1.419999957E0,3.077000122E2,2.500000000E0,2.000000000E0
1.749202140E2,6.469075775E1,2.452798471E1,1.327157512E1,1.569999933E0,3.108999939E2,2.500000000E0,2.000000000E0
1.759202158E2,6.469076639E1,2.452795344E1,1.327157390E1,1.969999909E0,3.112999878E2,2.500000000E0,2.000000000E0
1.769202176E2,6.469077816E1,2.452792620E1,1.427157378E1,1.659999967E0,3.140000000E2,2.500000000E0,2.000000000E0
1.779202194E2,6.469078860E1,2.452790651E1,1.327157412E1,1.129999995E0,3.113999939E2,2.500000000E0,2.000000000E0
1.789202212E2,6.469079757E1,2.452788496E1,1.327157394E1,1.409999967E0,3.105000000E2,2.500000000E0,2.000000000E0
1.799202230E2,6.469080888E1,2.452785831E1,1.227157377E1,1.659999967E0,3.160000000E2,2.500000000E0,2.000000000E0
1.809202248E2,6.469082057E1,2.452783509E1,1.327157404E1,1.669999957E0,3.251000061E2,2.500000000E0,2.000000000E0
1.819202266E2,6.469083294E1,2.452782168E1,1.227157543E1,1.129999995E0,3.316000061E2,2.500000000E0,2.000000000E0
1.829202284E2,6.469084031E1,2.452780148E1,1.227157503E1,1.209999919E0,3.142000122E2,2.500000000E0,2.000000000E0
1.839202302E2,6.469084731E1,2.452778170E1,1.127157460E1,1.059999943E0,3.077999878E2,2.500000000E0,2.000000000E0
1.849202320E2,6.469085796E1,2.452775571E1,1.127157435E1,1.589999914E0,3.197999878E2,2.500000000E0,2.000000000E0
1.859202338E2,6.469086957E1,2.452772730E1,1.127157407E1,1.759999990E0,3.187000122E2,2.500000000E0,2.000000000E0
1.869202358E2,6.469088080E1,2.452770391E1,1.127157421E1,1.629999995E0,3.197000122E2,2.500000000E0,2.000000000E0
1.879202376E2,6.469089513E1,2.452767106E1,1.127157408E1,1.689999938E0,3.162000122E2,2.500000000E0,2.000000000E0
1.889202394E2,6.469090796E1,2.452764172E1,1.127157397E1,1.339999914E0,3.207000122E2,2.500000000E0,2.000000000E0
1.899202412E2,6.469091646E1,2.452761590E1,1.027157326E1,1.319999933E0,3.238999939E2,2.500000000E0,2.000000000E0
1.909202430E2,6.469092363E1,2.452758992E1,1.027157224E1,1.569999933E0,3.122000122E2,2.500000000E0,2.000000000E0
1.919202449E2,6.469093180E1,2.452755958E1,1.027157100E1,1.689999938E0,3.062999878E2,2.500000000E0,2.000000000E0
1.929202467E2,6.469094044E1,2.452752664E1,1.027156960E1,1.639999986E0,3.057000122E2,2.500000000E0,2.000000000E0
1.939202486E2,6.469094852E1,2.452749579E1,1.027156830E1,1.529999971E0,3.122000122E2,2.500000000E0,2.000000000E0
1.949202505E2,6.469095862E1,2.452746956E1,1.027156790E1,1.620000005E0,3.183999939E2,2.500000000E0,2.000000000E0
1.959202522E2,6.469096956E1,2.452744416E1,1.027156776E1,1.610000014E0,3.207999878E2,2.500000000E0,2.000000000E0
1.969202542E2,6.469097975E1,2.452741943E1,1.027156753E1,1.730000019E0,3.161000061E2,2.500000000E0,2.000000000E0
1.979202560E2,6.469098876E1,2.452739244E1,1.027156681E1,1.689999938E0,3.137999878E2,2.500000000E0,2.000000000E0
1.989202579E2,6.469099890E1,2.452736596E1,1.027156639E1,1.379999995E0,3.098999939E2,2.500000000E0,2.000000000E0
1.999202599E2,6.469101135E1,2.452734408E1,1.027156695E1,1.599999905E0,3.172000122E2,2.500000000E0,2.000000000E0
2.009202618E2,6.469102602E1,2.452733201E1,9.271568975E0,1.559999943E0,3.263999939E2,2.500000000E0,2.000000000E0
2.019202636E2,6.469104043E1,2.452731022E1,9.271569971E0,1.509999990E0,3.296000061E2,2.500000000E0,2.000000000E0
2.029202655E2,6.469105342E1,2.452729052E1,9.271570862E0,1.579999924E0,3.402000122E2,2.500000000E0,2.000000000E0
2.039202674E2,6.469106763E1,2.452727174E1,9.271572114E0,1.839999914E0,3.393999939E2,2.500000000E0,2.000000000E0
2.049202693E2,6.469108196E1,2.452726529E1,9.271574632E0,1.709999919E0,3.431000061E2,2.500000000E0,2.000000000E0
2.059202712E2,6.469109864E1,2.452725515E1,9.271577297E0,1.750000000E0,3.425000000E2,2.500000000E0,2.000000000E0
2.069202731E2,6.469111235E1,2.452725121E1,8.271579928E0,1.549999952E0,3.452999878E2,2.500000000E0,2.000000000E0
2.079202751E2,6.469112756E1,2.452724501E1,8.271582665E0,1.809999943E0,3.408999939E2,2.500000000E0,2.000000000E0
2.089202770E2,6.469114261E1,2.452723428E1,7.271584909E0,1.679999948E0,3.403999939E2,2.500000000E0,2.000000000E0
2.099202789E2,6.469115455E1,2.452722254E1,7.271586367E0,1.480000019E0,3.368999939E2,2.500000000E0,2.000000000E0
2.109202808E2,6.469116868E1,2.452720637E1,7.271587860E0,1.639999986E0,3.341000061E2,2.500000000E0,2.000000000E0
2.119202828E2,6.469118372E1,2.452718482E1,7.271589016E0,1.659999967E0,3.300000000E2,2.500000000E0,2.000000000E0
2.129202847E2,6.469119722E1,2.452716387E1,8.271589888E0,1.730000019E0,3.266000061E2,2.500000000E0,2.000000000E0
2.139202867E2,6.469120933E1,2.452713336E1,8.271589492E0,1.669999957E0,3.257999878E2,2.500000000E0,2.000000000E0
2.149202886E2,6.469121922E1,2.452711249E1,8.271589576E0,1.500000000E0,3.237999878E2,2.500000000E0,2.000000000E0
2.159202906E2,6.469122932E1,2.452709078E1,9.271589621E0,1.730000019E0,3.165000000E2,2.500000000E0,2.000000000E0
2.169202926E2,6.469124047E1,2.452706538E1,9.271589526E0,1.490000010E0,3.197999878E2,2.500000000E0,2.000000000E0
2.179202945E2,6.469125132E1,2.452704124E1,9.271589492E0,1.679999948E0,3.182999878E2,2.500000000E0,2.000000000E0
2.189202965E2,6.469126062E1,2.452702121E1,9.271589530E0,1.240000010E0,3.127000122E2,2.500000000E0,2.000000000E0
2.199202985E2,6.469126804E1,2.452699439E1,9.271588467E0,1.439999938E0,3.138999939E2,2.500000000E0,2.000000000E0
2.209203004E2,6.469127718E1,2.452696673E1,1.027158770E1,1.669999957E0,3.120000000E2,2.500000000E0,2.000000000E0
2.219203024E2,6.469128652E1,2.452694384E1,9.271587456E0,1.610000014E0,3.157999878E2,2.500000000E0,2.000000000E0
2.229203044E2,6.469129792E1,2.452691878E1,1.027158745E1,1.569999933E0,3.177999878E2,2.500000000E0,2.000000000E0
2.239203064E2,6.469131041E1,2.452689833E1,9.271588144E0,1.589999914E0,3.163999939E2,2.500000000E0,2.000000000E0
2.249203084E2,6.469132366E1,2.452688266E1,9.271589487E0,1.529999971E0,3.142999878E2,2.500000000E0,2.000000000E0
2.259203104E2,6.469133413E1,2.452686396E1,9.271589915E0,1.419999957E0,3.138999939E2,2.500000000E0,2.000000000E0
2.269203124E2,6.469134352E1,2.452683287E1,8.271588853E0,1.659999967E0,3.131000061E2,2.500000000E0,2.000000000E0
2.279203143E2,6.469135274E1,2.452680630E1,9.271588210E0,1.620000005E0,3.172000122E2,2.500000000E0,2.000000000E0
2.289203164E2,6.469136402E1,2.452677939E1,9.271587985E0,1.610000014E0,3.147000122E2,2.500000000E0,2.000000000E0
2.299203183E2,6.469137353E1,2.452675416E1,9.271587541E0,1.679999948E0,3.152999878E2,2.500000000E0,2.000000000E0
2.309203203E2,6.469138434E1,2.452672709E1,9.271587197E0,1.699999928E0,3.156000061E2,2.500000000E0,2.000000000E0
2.319203224E2,6.469139331E1,2.452670169E1,9.271586615E0,1.599999905E0,3.187999878E2,2.500000000E0,2.000000000E0
2.329203244E2,6.469140408E1,2.452667629E1,1.027158643E1,1.459999919E0,3.188999939E2,2.500000000E0,2.000000000E0
2.339203265E2,6.469141443E1,2.452666020E1,9.271587089E0,7.999999523E-1,3.223999939E2,2.500000000E0,2.000000000E0
2.349203285E2,6.469142604E1,2.452664210E1,9.271587823E0,1.299999952E0,3.316000061E2,2.500000000E0,2.000000000E0
2.359203304E2,6.469143690E1,2.452661360E1,9.271587342E0,1.699999928E0,3.142000122E2,2.500000000E0,2.000000000E0
2.369203325E2,6.469144871E1,2.452658325E1,9.271586887E0,1.750000000E0,3.177000122E2,2.500000000E0,2.000000000E0
2.379203345E2,6.469146104E1,2.452655442E1,8.271586695E0,1.599999905E0,3.151000061E2,2.500000000E0,2.000000000E0
2.389203365E2,6.469147285E1,2.452652894E1,8.271586729E0,1.809999943E0,3.153999939E2,2.500000000E0,2.000000000E0
2.399203386E2,6.469148610E1,2.452649583E1,9.271586307E0,2.009999990E0,3.177999878E2,2.500000000E0,2.000000000E0
2.409203406E2,6.469149813E1,2.452647018E1,9.271586370E0,1.610000014E0,3.171000061E2,2.500000000E0,2.000000000E0
2.419203427E2,6.469150877E1,2.452644520E1,9.271586195E0,1.279999971E0,3.188999939E2,2.500000000E0,2.000000000E0
2.429203447E2,6.469151803E1,2.452642417E1,9.271586112E0,1.679999948E0,3.188999939E2,2.500000000E0,2.000000000E0
2.439203468E2,6.469152880E1,2.452640237E1,9.271586285E0,1.719999909E0,3.172000122E2,2.500000000E0,2.000000000E0
2.449203488E2,6.469154075E1,2.452637580E1,9.271586234E0,1.589999914E0,3.185000000E2,2.500000000E0,2.000000000E0
2.459203508E2,6.469155391E1,2.452635753E1,9.271587288E0,1.740000010E0,3.197000122E2,2.500000000E0,2.000000000E0
2.469203529E2,6.469156288E1,2.452633632E1,9.271587122E0,1.539999962E0,3.186000061E2,2.500000000E0,2.000000000E0
2.479203550E2,6.469157390E1,2.452631830E1,9.271587730E0,1.569999933E0,3.105000000E2,2.500000000E0,2.000000000E0
2.489203571E2,6.469158429E1,2.452629089E1,9.271587251E0,1.799999952E0,3.133999939E2,2.500000000E0,2.000000000E0
2.499203592E2,6.469159724E1,2.452627078E1,8.271588070E0,1.519999981E0,3.107999878E2,2.500000000E0,2.000000000E0
2.509203613E2,6.469160797E1,2.452624245E1,9.271587571E0,1.769999981E0,3.140000000E2,2.500000000E0,2.000000000E0
2.519203633E2,6.469161971E1,2.452621319E1,9.271587200E0,1.759999990E0,3.167000122E2,2.500000000E0,2.000000000E0
2.529203654E2,6.469162943E1,2.452617355E1,9.271585336E0,1.409999967E0,3.147000122E2,2.500000000E0,2.000000000E0
2.539203675E2,6.469163777E1,2.452614270E1,9.271584056E0,1.399999976E0,3.182999878E2,2.500000000E0,2.000000000E0
2.549203696E2,6.469165043E1,2.452611797E1,9.271584343E0,1.699999928E0,3.158999939E2,2.500000000E0,2.000000000E0
2.559203717E2,6.469166564E1,2.452608570E1,9.271584430E0,1.689999938E0,3.156000061E2,2.500000000E0,2.000000000E0
2.569203738E2,6.469167540E1,2.452606710E1,9.271584698E0,1.589999914E0,3.160000000E2,2.500000000E0,2.000000000E0
2.579203759E2,6.469168835E1,2.452605100E1,9.271585920E0,1.649999976E0,3.152999878E2,2.500000000E0,2.000000000E0
2.589203780E2,6.469170135E1,2.452602879E1,1.027158653E1,1.579999924E0,3.155000000E2,2.500000000E0,2.000000000E0
2.599203801E2,6.469171145E1,2.452600700E1,1.027158655E1,1.589999914E0,3.185000000E2,2.500000000E0,2.000000000E0
2.609203822E2,6.469172079E1,2.452598537E1,1.027158642E1,1.279999971E0,3.182999878E2,2.500000000E0,2.000000000E0
2.619203843E2,6.469173085E1,2.452596693E1,1.027158677E1,1.350000024E0,3.165000000E2,2.500000000E0,2.000000000E0
2.629203864E2,6.469174162E1,2.452594740E1,1.027158716E1,1.620000005E0,3.126000061E2,2.500000000E0,2.000000000E0
2.639203885E2,6.469175235E1,2.452591513E1,1.027158626E1,1.599999905E0,3.125000000E2,2.500000000E0,2.000000000E0
2.649203906E2,6.469176304E1,2.452589066E1,1.027158613E1,1.539999962E0,3.181000061E2,2.500000000E0,2.000000000E0
2.659203927E2,6.469177578E1,2.452586979E1,1.127158682E1,1.669999957E0,3.230000000E2,2.500000000E0,2.000000000E0
2.669203948E2,6.469178634E1,2.452584724E1,1.127158686E1,1.639999986E0,3.195000000E2,2.500000000E0,2.000000000E0
2.679203970E2,6.469179874E1,2.452582100E1,1.027158694E1,1.620000005E0,3.152000122E2,2.500000000E0,2.000000000E0
2.689203991E2,6.469180926E1,2.452578823E1,1.027158593E1,1.399999976E0,3.107000122E2,2.500000000E0,2.000000000E0
2.699204012E2,6.469181869E1,2.452576728E1,1.127158589E1,1.579999924E0,3.127000122E2,2.500000000E0,2.000000000E0
2.709204034E2,6.469183093E1,2.452574674E1,1.127158650E1,1.579999924E0,3.188999939E2,2.500000000E0,2.000000000E0
2.719204054E2,6.469184233E1,2.452572403E1,1.127158670E1,1.459999919E0,3.237999878E2,2.500000000E0,2.000000000E0
2.729204076E2,6.469185566E1,2.452570005E1,1.127158721E1,1.610000014E0,3.225000000E2,2.500000000E0,2.000000000E0
2.739204097E2,6.469186517E1,2.452567415E1,1.127158667E1,1.620000005E0,3.186000061E2,2.500000000E0,2.000000000E0
2.749204119E2,6.469187657E1,2.452565110E1,1.127158684E1,1.659999967E0,3.151000061E2,2.500000000E0,2.000000000E0
2.759204141E2,6.469188876E1,2.452562537E1,1.127158692E1,1.689999938E0,3.171000061E2,2.500000000E0,2.000000000E0
2.769204162E2,6.469190327E1,2.452559905E1,1.127158744E1,1.740000010E0,3.162999878E2,2.500000000E0,2.000000000E0
2.779204184E2,6.469191454E1,2.452557449E1,1.127158743E1,1.699999928E0,3.152000122E2,2.500000000E0,2.000000000E0
2.789204205E2,6.469192619E1,2.452553845E1,1.127158634E1,1.730000019E0,3.150000000E2,2.500000000E0,2.000000000E0
2.799204226E2,6.469193952E1,2.452550735E1,1.127158611E1,1.689999938E0,3.162000122E2,2.500000000E0,2.000000000E0
2.809204248E2,6.469195343E1,2.452548489E1,1.127158689E1,1.689999938E0,3.133999939E2,2.500000000E0,2.000000000E0
2.819204270E2,6.469196521E1,2.452545966E1,1.127158692E1,1.709999919E0,3.135000000E2,2.500000000E0,2.000000000E0
2.829204292E2,6.469197413E1,2.452543636E1,1.127158652E1,1.659999967E0,3.103999939E2,2.500000000E0,2.000000000E0
2.839204313E2,6.469198268E1,2.452541331E1,1.227158606E1,1.610000014E0,3.095000000E2,2.500000000E0,2.000000000E0
2.849204335E2,6.469198989E1,2.452537953E1,1.127158422E1,1.549999952E0,3.018999939E2,2.500000000E0,2.000000000E0
2.859204356E2,6.469199488E1,2.452534391E1,1.127158171E1,1.509999990E0,2.963999939E2,2.500000000E0,2.000000000E0
2.869204378E2,6.469200205E1,2.452531382E1,1.127158023E1,1.789999962E0,2.982000122E2,2.500000000E0,2.000000000E0
2.879204400E2,6.469200360E1,2.452526922E1,1.127157606E1,1.639999986E0,2.872000122E2,2.500000000E0,2.000000000E0
2.889204421E2,6.469200670E1,2.452524156E1,1.127157393E1,1.569999933E0,2.867999878E2,2.500000000E0,2.000000000E0
2.899204443E2,6.469201240E1,2.452520929E1,1.127157191E1,1.689999938E0,2.848999939E2,2.500000000E0,2.000000000E0
2.909204465E2,6.469201491E1,2.452516998E1,1.127156848E1,1.529999971E0,2.802999878E2,2.500000000E0,2.000000000E0
2.919204488E2,6.469201726E1,2.452513386E1,1.227156534E1,1.639999986E0,2.782999878E2,2.500000000E0,2.000000000E0
2.929204510E2,6.469201684E1,2.452509815E1,1.227156163E1,1.629999995E0,2.771000061E2,2.500000000E0,2.000000000E0
2.939204532E2,6.469201961E1,2.452505783E1,1.227155815E1,1.579999924E0,2.776000061E2,2.500000000E0,2.000000000E0
2.949204553E2,6.469202229E1,2.452502808E1,1.227155573E1,1.379999995E0,2.795000000E2,2.500000000E0,2.000000000E0
2.959204575E2,6.469202581E1,2.452500151E1,1.227155380E1,1.370000005E0,2.862000122E2,2.500000000E0,2.000000000E0
2.969204598E2,6.469202925E1,2.452496831E1,1.227155119E1,1.649999976E0,2.997000122E2,2.500000000E0,2.000000000E0
2.979204620E2,6.469204090E1,2.452494761E1,1.227155165E1,1.629999995E0,3.072000122E2,2.500000000E0,2.000000000E0
2.989204642E2,6.469204928E1,2.452491861E1,1.227155055E1,1.599999905E0,3.102000122E2,2.500000000E0,2.000000000E0
2.999204664E2,6.469205695E1,2.452489547E1,1.127154988E1,1.509999990E0,3.143999939E2,2.500000000E0,2.000000000E0
3.009204686E2,6.469206441E1,2.452486899E1,1.127154883E1,1.569999933E0,3.170000000E2,2.500000000E0,2.000000000E0
3.019204709E2,6.469207765E1,2.452485155E1,1.027154996E1,1.409999967E0,3.263999939E2,2.500000000E0,2.000000000E0
3.029204731E2,6.469208934E1,2.452483001E1,1.027155034E1,1.509999990E0,3.242000122E2,2.500000000E0,2.000000000E0
3.039204753E2,6.469210137E1,2.452480277E1,1.027155021E1,1.579999924E0,3.186000061E2,2.500000000E0,2.000000000E0
3.049204775E2,6.469211445E1,2.452477545E1,1.027155030E1,1.639999986E0,3.167000122E2,2.500000000E0,2.000000000E0
3.059204798E2,6.469212543E1,2.452475399E1,9.271550527E0,1.599999905E0,3.162999878E2,2.500000000E0,2.000000000E0
3.069204820E2,6.469213528E1,2.452472415E1,9.271549656E0,1.559999943E0,3.173999939E2,2.500000000E0,2.000000000E0
3.079204842E2,6.469214672E1,2.452470344E1,9.271550060E0,1.599999905E0,3.183999939E2,2.500000000E0,2.000000000E0
3.089204865E2,6.469215690E1,2.452467545E1,9.271549448E0,1.789999962E0,3.152000122E2,2.500000000E0,2.000000000E0
3.099204887E2,6.469216947E1,2.452465223E1,1.027154984E1,1.740000010E0,3.152999878E2,2.500000000E0,2.000000000E0
3.109204910E2,6.469218175E1,2.452462063E1,1.027154932E1,1.639999986E0,3.175000000E2,2.500000000E0,2.000000000E0
3.119204933E2,6.469219135E1,2.452459750E1,1.027154908E1,1.549999952E0,3.186000061E2,2.500000000E0,2.000000000E0
3.129204956E2,6.469220003E1,2.452457378E1,1.027154857E1,1.509999990E0,3.190000000E2,2.500000000E0,2.000000000E0
3.139204978E2,6.469221088E1,2.452455492E1,1.027154903E1,1.509999990E0,3.118999939E2,2.500000000E0,2.000000000E0
3.149205001E2,6.469221926E1,2.452452726E1,1.027154805E1,1.569999933E0,3.071000061E2,2.500000000E0,2.000000000E0
3.159205023E2,6.469222588E1,2.452449599E1,1.027154633E1,1.509999990E0,3.082000122E2,2.500000000E0,2.000000000E0
3.169205046E2,6.469223355E1,2.452446900E1,1.127154526E1,1.389999986E0,3.105000000E2,2.500000000E0,2.000000000E0
3.179205069E2,6.469224147E1,2.452443623E1,1.127154367E1,1.409999967E0,3.112999878E2,2.500000000E0,2.000000000E0
3.189205091E2,6.469225028E1,2.452441226E1,1.127154316E1,1.529999971E0,3.075000000E2,2.500000000E0,2.000000000E0
3.199205114E2,6.469226109E1,2.452438535E1,1.127154279E1,1.500000000E0,3.155000000E2,2.500000000E0,2.000000000E0
3.209205137E2,6.469227312E1,2.452436607E1,1.127154346E1,1.519999981E0,3.182000122E2,2.500000000E0,3.000000000E0
3.219205159E2,6.469228351E1,2.452435358E1,1.027154447E1,1.000000000E0,3.267000122E2,2.500000000E0,3.000000000E0
3.229205183E2,6.469229545E1,2.452432743E1,1.027154442E1,1.559999943E0,3.302999878E2,2.500000000E0,3.000000000E0
3.239205205E2,6.469231109E1,2.452431511E1,1.027154658E1,1.289999962E0,3.427000122E2,2.500000000E0,2.000000000E0
3.249205229E2,6.469232756E1,2.452430874E1,1.127154953E1,1.689999938E0,3.580000000E2,2.500000000E0,2.000000000E0
3.259205252E2,6.469234461E1,2.452432056E1,1.127155446E1,1.549999952E0,4.599999905E0,2.500000000E0,2.000000000E0
3.269205275E2,6.469235916E1,2.452432626E1,1.127155822E1,1.509999990E0,1.310000038E1,2.500000000E0,3.000000000E0
3.279205297E2,6.469236951E1,2.452434042E1,1.127156192E1,1.409999967E0,2.250000000E1,2.500000000E0,2.000000000E0
3.289205321E2,6.469238204E1,2.452435509E1,1.027156614E1,1.449999928E0,2.639999962E1,2.500000000E0,2.000000000E0
3.299205344E2,6.469239428E1,2.452437320E1,1.027157066E1,1.529999971E0,2.910000038E1,2.500000000E0,2.000000000E0
3.309205366E2,6.469240723E1,2.452439541E1,1.027157574E1,1.549999952E0,3.010000038E1,2.500000000E0,3.000000000E0
3.319205389E2,6.469241917E1,2.452441913E1,1.027158076E1,1.439999938E0,2.979999924E1,2.500000000E0,2.000000000E0
3.329205413E2,6.469243120E1,2.452444076E1,1.027158559E1,1.509999990E0,2.370000076E1,2.500000000E0,3.000000000E0
3.339205436E2,6.469244348E1,2.452445869E1,1.027159010E1,1.539999962E0,2.379999924E1,2.500000000E0,2.000000000E0
3.349205459E2,6.469245647E1,2.452447395E1,1.027159449E1,1.459999919E0,2.389999962E1,2.500000000E0,2.000000000E0
3.359205482E2,6.469246770E1,2.452447982E1,9.271597538E0,1.679999948E0,2.239999962E1,2.500000000E0,2.000000000E0
3.369205506E2,6.469248258E1,2.452449197E1,9.271602026E0,1.509999990E0,2.160000038E1,2.500000000E0,2.000000000E0
3.379205529E2,6.469249859E1,2.452451544E1,9.271607912E0,1.629999995E0,2.739999962E1,2.500000000E0,2.000000000E0
3.389205552E2,6.469251368E1,2.452453220E1,8.271612915E0,1.610000014E0,2.539999962E1,2.500000000E0,2.000000000E0
3.399205575E2,6.469252772E1,2.452454302E1,8.271617084E0,1.649999976E0,1.960000038E1,2.500000000E0,2.000000000E0
3.409205599E2,6.469254117E1,2.452455182E1,8.271620920E0,1.559999943E0,2.210000038E1,2.500000000E0,2.000000000E0
3.419205622E2,6.469255546E1,2.452456556E1,8.271625443E0,1.629999995E0,2.320000076E1,2.500000000E0,2.000000000E0
3.429205645E2,6.469257080E1,2.452457344E1,8.271629599E0,1.629999995E0,2.029999924E1,2.500000000E0,2.000000000E0
3.439205669E2,6.469258400E1,2.452458568E1,8.271633731E0,1.559999943E0,2.360000038E1,2.500000000E0,2.000000000E0
3.449205692E2,6.469259779E1,2.452460303E1,8.271638511E0,1.689999938E0,2.310000038E1,2.500000000E0,2.000000000E0
3.459205715E2,6.469260940E1,2.452461510E1,8.271642279E0,1.490000010E0,2.439999962E1,2.500000000E0,2.000000000E0
3.469205739E2,6.469262130E1,2.452463186E1,9.271646588E0,1.569999933E0,2.820000076E1,2.500000000E0,2.000000000E0
3.479205762E2,6.469263329E1,2.452464821E1,9.271650873E0,1.019999981E0,2.679999924E1,2.500000000E0,2.000000000E0
3.489205785E2,6.469264314E1,2.452466279E1,9.271654512E0,1.100000024E0,2.710000038E1,2.500000000E0,2.000000000E0
3.499205809E2,6.469265382E1,2.452468375E1,9.271658983E0,1.679999948E0,3.470000076E1,2.500000000E0,2.000000000E0
3.509205833E2,6.469266367E1,2.452470805E1,1.027166361E1,1.529999971E0,4.259999847E1,2.500000000E0,2.000000000E0
3.519205856E2,6.469267335E1,2.452473002E1,1.027166797E1,1.299999952E0,4.940000153E1,2.500000000E0,2.000000000E0
3.529205880E2,6.469268132E1,2.452475726E1,1.027167248E1,1.259999990E0,5.400000000E1,2.500000000E0,2.000000000E0
3.539205903E2,6.469269142E1,2.452478542E1,1.027167756E1,1.730000019E0,4.370000076E1,2.500000000E0,2.000000000E0
3.549205927E2,6.469270390E1,2.452480973E1,1.127168277E1,1.500000000E0,4.400000000E1,2.500000000E0,2.000000000E0
3.559205950E2,6.469271426E1,2.452483605E1,1.127168772E1,1.459999919E0,4.959999847E1,2.500000000E0,2.000000000E0
3.569205975E2,6.469272440E1,2.452486237E1,1.127169262E1,1.589999914E0,4.979999924E1,2.500000000E0,2.000000000E0
3.579205998E2,6.469273555E1,2.452489212E1,1.127169809E1,1.579999924E0,4.929999924E1,2.500000000E0,2.000000000E0
3.589206022E2,6.469274506E1,2.452491911E1,1.127170293E1,1.500000000E0,4.850000000E1,2.500000000E0,2.000000000E0
3.599206046E2,6.469275520E1,2.452494719E1,1.127170801E1,1.519999981E0,4.750000000E1,2.500000000E0,2.000000000E0
3.609206070E2,6.469276467E1,2.452497460E1,1.027171287E1,1.250000000E0,4.879999924E1,2.500000000E0,2.000000000E0
3.619206094E2,6.469277452E1,2.452499522E1,1.027171713E1,1.319999933E0,5.700000000E1,2.500000000E0,2.000000000E0
3.629206118E2,6.469278383E1,2.452502187E1,1.027172189E1,1.459999919E0,5.140000153E1,2.500000000E0,2.000000000E0
3.639206141E2,6.469279321E1,2.452505054E1,1.127172687E1,1.549999952E0,4.879999924E1,2.500000000E0,2.000000000E0
3.649206165E2,6.469280491E1,2.452508868E1,1.127173332E1,1.620000005E0,5.609999847E1,2.500000000E0,2.000000000E0
3.659206189E2,6.469281429E1,2.452511751E1,1.227173831E1,1.659999967E0,5.609999847E1,2.500000000E0,2.000000000E0
3.669206213E2,6.469282465E1,2.452514936E1,1.127174383E1,1.639999986E0,5.140000153E1,2.500000000E0,2.000000000E0
3.679206236E2,6.469283797E1,2.452517434E1,1.227174930E1,1.669999957E0,4.790000153E1,2.500000000E0,2.000000000E0
3.689206261E2,6.469285025E1,2.452519479E1,1.227175407E1,1.610000014E0,4.470000076E1,2.500000000E0,2.000000000E0
3.699206284E2,6.469286060E1,2.452522296E1,1.227175921E1,1.299999952E0,5.050000000E1,2.500000000E0,2.000000000E0
3.709206308E2,6.469286907E1,2.452524601E1,1.227176342E1,1.429999948E0,5.059999847E1,2.500000000E0,2.000000000E0
3.719206332E2,6.469287552E1,2.452527232E1,1.227176752E1,1.449999928E0,5.820000076E1,2.500000000E0,2.000000000E0
3.729206356E2,6.469288458E1,2.452529655E1,1.227177198E1,1.399999976E0,6.109999847E1,2.500000000E0,2.000000000E0
3.739206380E2,6.469289581E1,2.452532035E1,1.127177687E1,1.370000005E0,5.979999924E1,2.500000000E0,2.000000000E0
3.749206404E2,6.469290205E1,2.452535179E1,1.127178144E1,1.569999933E0,5.450000000E1,2.500000000E0,2.000000000E0
3.759206428E2,6.469291140E1,2.452537970E1,1.127178634E1,1.490000010E0,5.520000076E1,2.500000000E0,2.000000000E0
3.769206452E2,6.469292200E1,2.452540618E1,1.127179137E1,1.480000019E0,4.790000153E1,2.500000000E0,2.000000000E0
3.779206476E2,6.469293273E1,2.452543502E1,1.127179667E1,1.299999952E0,5.379999924E1,2.500000000E0,2.000000000E0
3.789206499E2,6.469293973E1,2.452545773E1,1.127180052E1,1.589999914E0,5.040000153E1,2.500000000E0,2.000000000E0
3.799206524E2,6.469295096E1,2.452548732E1,1.127180601E1,1.649999976E0,4.909999847E1,2.500000000E0,2.000000000E0
3.809206548E2,6.469296186E1,2.452551540E1,1.127181126E1,1.389999986E0,5.059999847E1,2.500000000E0,2.000000000E0
3.819206572E2,6.469297229E1,2.452553057E1,1.027181510E1,1.289999962E0,4.109999847E1,2.500000000E0,2.000000000E0
3.829206596E2,6.469298235E1,2.452555077E1,1.127181937E1,1.279999971E0,4.609999847E1,2.500000000E0,3.000000000E0
3.839206620E2,6.469299090E1,2.452557156E1,1.027182337E1,1.339999914E0,3.929999924E1,2.500000000E0,3.000000000E0
3.849206645E2,6.469300595E1,2.452558799E1,1.027182835E1,1.529999971E0,2.829999924E1,2.500000000E0,3.000000000E0
3.859206668E2,6.469301584E1,2.452560173E1,1.027183193E1,1.439999938E0,2.200000000E1,2.500000000E0,2.000000000E0
3.869206692E2,6.469302971E1,2.452561649E1,1.027183648E1,1.370000005E0,3.010000038E1,2.500000000E0,2.000000000E0
3.879206716E2,6.469303981E1,2.452564172E1,1.027184127E1,1.500000000E0,4.850000000E1,2.500000000E0,2.000000000E0
3.889206740E2,6.469304928E1,2.452566837E1,1.027184607E1,1.569999933E0,5.159999847E1,2.500000000E0,2.000000000E0
3.899206765E2,6.469305921E1,2.452569662E1,1.027185114E1,1.679999948E0,5.759999847E1,2.500000000E0,2.000000000E0
3.909206788E2,6.469307015E1,2.452572470E1,1.027185641E1,1.689999938E0,5.040000153E1,2.500000000E0,2.000000000E0
3.919206813E2,6.469308319E1,2.452575529E1,1.027186240E1,1.730000019E0,4.840000153E1,2.500000000E0,2.000000000E0
3.929206837E2,6.469309463E1,2.452578069E1,1.027186751E1,1.629999995E0,4.740000153E1,2.500000000E0,2.000000000E0
3.939206861E2,6.469310427E1,2.452580692E1,1.027187231E1,1.209999919E0,5.829999924E1,2.500000000E0,2.000000000E0
3.949206885E2,6.469311131E1,2.452583458E1,9.271876682E0,1.259999990E0,5.940000153E1,2.500000000E0,2.000000000E0
3.959206909E2,6.469312178E1,2.452585805E1,1.027188138E1,1.500000000E0,5.059999847E1,2.500000000E0,2.000000000E0
3.969206933E2,6.469313364E1,2.452588035E1,1.027188627E1,1.549999952E0,4.809999847E1,2.500000000E0,2.000000000E0
3.979206958E2,6.469314659E1,2.452590734E1,1.127189187E1,1.549999952E0,4.600000000E1,2.500000000E0,2.000000000E0
3.989206982E2,6.469315975E1,2.452593693E1,1.127189779E1,1.709999919E0,5.150000000E1,2.500000000E0,2.000000000E0
3.999207006E2,6.469317090E1,2.452597230E1,1.127190386E1,1.809999943E0,5.270000076E1,2.500000000E0,3.000000000E0
4.009207030E2,6.469318306E1,2.452600717E1,1.127191010E1,1.759999990E0,4.829999924E1,2.500000000E0,3.000000000E0
4.019207054E2,6.469319680E1,2.452603483E1,1.127191595E1,1.730000019E0,4.450000000E1,2.500000000E0,3.000000000E0
4.029207079E2,6.469320887E1,2.452605813E1,1.127192098E1,1.549999952E0,4.400000000E1,2.500000000E0,2.000000000E0
4.039207103E2,6.469322048E1,2.452608193E1,1.127192597E1,1.289999962E0,4.440000153E1,2.500000000E0,2.000000000E0
4.049207128E2,6.469323243E1,2.452611001E1,1.127193147E1,1.849999905E0,4.790000153E1,2.500000000E0,3.000000000E0
4.059207152E2,6.469324441E1,2.452614354E1,1.227193754E1,1.599999905E0,4.390000153E1,2.500000000E0,2.000000000E0
4.069207176E2,6.469325514E1,2.452617011E1,1.227194262E1,1.599999905E0,4.150000000E1,2.500000000E0,2.000000000E0
4.079207202E2,6.469326528E1,2.452619593E1,1.127194749E1,1.539999962E0,4.279999924E1,2.500000000E0,2.000000000E0
4.089207226E2,6.469327304E1,2.452621881E1,1.127195154E1,1.409999967E0,4.529999924E1,2.500000000E0,2.000000000E0
4.099207250E2,6.469328259E1,2.452624337E1,1.127195616E1,1.490000010E0,4.409999847E1,2.500000000E0,2.000000000E0
4.109207275E2,6.469329416E1,2.452627086E1,1.027196151E1,1.559999943E0,4.400000000E1,2.500000000E0,2.000000000E0
4.119207299E2,6.469330472E1,2.452629534E1,1.127196634E1,1.419999957E0,3.990000153E1,2.500000000E0,2.000000000E0
4.129207324E2,6.469331482E1,2.452631135E1,1.127197021E1,1.179999948E0,2.750000000E1,2.500000000E0,2.000000000E0
4.139207348E2,6.469332551E1,2.452632635E1,1.027197410E1,1.159999967E0,2.520000076E1,2.500000000E0,2.000000000E0
4.149207373E2,6.469333536E1,2.452634378E1,1.027197805E1,1.350000024E0,3.200000000E1,2.500000000E0,2.000000000E0
4.159207397E2,6.469334671E1,2.452636323E1,9.271982540E0,1.360000014E0,3.640000153E1,2.500000000E0,2.000000000E0
4.169207422E2,6.469335820E1,2.452639030E1,9.271987841E0,1.610000014E0,3.859999847E1,2.500000000E0,2.000000000E0
4.179207446E2,6.469337295E1,2.452642199E1,9.271994334E0,1.539999962E0,3.750000000E1,2.500000000E0,2.000000000E0
4.189207470E2,6.469338447E1,2.452644470E1,1.027199920E1,1.559999943E0,3.700000000E1,2.500000000E0,2.000000000E0
4.199207495E2,6.469339478E1,2.452647060E1,1.027200412E1,1.350000024E0,4.079999924E1,2.500000000E0,2.000000000E0
4.209207520E2,6.469340568E1,2.452649843E1,1.027200937E1,1.409999967E0,4.740000153E1,2.500000000E0,3.000000000E0
4.219207544E2,6.469341888E1,2.452652005E1,9.272014498E0,1.409999967E0,4.590000153E1,2.500000000E0,3.000000000E0
4.229207569E2,6.469343028E1,2.452654453E1,9.272019517E0,1.490000010E0,4.370000076E1,2.500000000E0,3.000000000E0
4.239207594E2,6.469344227E1,2.452656205E1,9.272023953E0,1.569999933E0,3.659999847E1,2.500000000E0,2.000000000E0
4.249207618E2,6.469345580E1,2.452659030E1,9.272029831E0,1.599999905E0,3.740000153E1,2.500000000E0,3.000000000E0
4.259207643E2,6.469346838E1,2.452661946E1,9.272035591E0,1.549999952E0,3.840000153E1,2.500000000E0,3.000000000E0
4.269207667E2,6.469347751E1,2.452664495E1,9.272040217E0,1.069999933E0,4.090000153E1,2.500000000E0,3.000000000E0
4.279207692E2,6.469348652E1,2.452667395E1,9.272045176E0,1.649999976E0,4.870000076E1,2.500000000E0,2.000000000E0
4.289207717E2,6.469349528E1,2.452670085E1,9.272049865E0,1.559999943E0,5.550000000E1,2.500000000E0,2.000000000E0
4.299207742E2,6.469350295E1,2.452673463E1,8.272055020E0,1.519999981E0,5.450000000E1,2.500000000E0,2.000000000E0
4.309207766E2,6.469351179E1,2.452676388E1,8.272059969E0,1.419999957E0,4.990000153E1,2.500000000E0,2.000000000E0
4.319207790E2,6.469352487E1,2.452679104E1,8.272065637E0,1.579999924E0,4.059999847E1,2.500000000E0,2.000000000E0
4.329207815E2,6.469353707E1,2.452680035E1,8.272069281E0,1.350000024E0,4.170000076E1,2.500000000E0,2.000000000E0
4.339207840E2,6.469354842E1,2.452682063E1,8.272073866E0,1.610000014E0,4.529999924E1,2.500000000E0,2.000000000E0
4.349207864E2,6.469356116E1,2.452684477E1,8.272079152E0,1.699999928E0,4.779999924E1,2.500000000E0,2.000000000E0
4.359207889E2,6.469356959E1,2.452686950E1,8.272083547E0,1.490000010E0,4.890000153E1,2.500000000E0,2.000000000E0
4.369207914E2,6.469357893E1,2.452689037E1,8.272087750E0,1.559999943E0,5.629999924E1,2.500000000E0,2.000000000E0
4.379207939E2,6.469358748E1,2.452692666E1,8.272093360E0,1.669999957E0,5.700000000E1,2.500000000E0,2.000000000E0
4.389207963E2,6.469359687E1,2.452696480E1,8.272099345E0,1.589999914E0,5.570000076E1,2.500000000E0,2.000000000E0
4.399207988E2,6.469360425E1,2.452699221E1,9.272103785E0,1.459999919E0,6.090000153E1,2.500000000E0,2.000000000E0
4.409208013E2,6.469361355E1,2.452701911E1,9.272108600E0,1.599999905E0,6.009999847E1,2.500000000E0,2.000000000E0
4.419208038E2,6.469362021E1,2.452704929E1,9.272113168E0,1.579999924E0,6.309999847E1,2.500000000E0,2.000000000E0
4.429208062E2,6.469362784E1,2.452708030E1,1.027211803E1,1.699999928E0,5.870000076E1,2.500000000E0,2.000000000E0
4.439208087E2,6.469363689E1,2.452711559E1,1.027212366E1,1.740000010E0,5.590000153E1,2.500000000E0,2.000000000E0
4.449208111E2,6.469364947E1,2.452714224E1,1.127212917E1,2.180000067E0,4.370000076E1,2.500000000E0,2.000000000E0
4.459208136E2,6.469366175E1,2.452717351E1,1.227213509E1,1.620000005E0,5.359999847E1,2.500000000E0,2.000000000E0
4.469208161E2,6.469367042E1,2.452720444E1,1.227214018E1,1.679999948E0,5.459999847E1,2.500000000E0,2.000000000E0
4.479208186E2,6.469367880E1,2.452723713E1,1.227214539E1,1.659999967E0,5.340000153E1,2.500000000E0,2.000000000E0
4.489208211E2,6.469368953E1,2.452726219E1,1.127215033E1,1.350000024E0,5.029999924E1,2.500000000E0,2.000000000E0
4.499208236E2,6.469369892E1,2.452728700E1,1.127215495E1,1.409999967E0,5.109999847E1,2.500000000E0,2.000000000E0
4.509208261E2,6.469370688E1,2.452730234E1,1.027215829E1,1.389999986E0,2.950000000E1,2.500000000E0,2.000000000E0
4.519208285E2,6.469372138E1,2.452730846E1,1.027216212E1,1.709999919E0,1.239999962E1,2.500000000E0,2.000000000E0
4.529208310E2,6.469374024E1,2.452731525E1,1.027216699E1,1.629999995E0,2.099999905E0,2.500000000E0,2.000000000E0
4.539208335E2,6.469375500E1,2.452730888E1,1.027216959E1,1.719999909E0,3.501000061E2,2.500000000E0,2.000000000E0
4.549208360E2,6.469376631E1,2.452729731E1,9.272170902E0,1.699999928E0,3.342999878E2,2.500000000E0,2.000000000E0
4.559208384E2,6.469377700E1,2.452727543E1,9.272171015E0,1.659999967E0,3.305000000E2,2.500000000E0,2.000000000E0
4.569208409E2,6.469378634E1,2.452724685E1,9.272170142E0,1.649999976E0,3.292999878E2,2.500000000E0,2.000000000E0
4.579208434E2,6.469379887E1,2.452722481E1,9.272170644E0,1.789999962E0,3.242999878E2,2.500000000E0,2.000000000E0
4.589208459E2,6.469381220E1,2.452720310E1,9.272171355E0,1.709999919E0,3.213999939E2,2.500000000E0,2.000000000E0
4.599208484E2,6.469382457E1,2.452718290E1,9.272172009E0,1.709999919E0,3.187000122E2,2.500000000E0,2.000000000E0
4.609208509E2,6.469383433E1,2.452715817E1,9.272171623E0,1.500000000E0,3.122999878E2,2.500000000E0,2.000000000E0
4.619208533E2,6.469384535E1,2.452713495E1,9.272171669E0,1.759999990E0,3.152999878E2,2.500000000E0,2.000000000E0
4.629208559E2,6.469385855E1,2.452710947E1,1.027217196E1,1.870000005E0,3.168999939E2,2.500000000E0,2.000000000E0
4.639208583E2,6.469387016E1,2.452707435E1,1.027217091E1,1.649999976E0,3.136000061E2,2.500000000E0,2.000000000E0
4.649208608E2,6.469387993E1,2.452704736E1,1.027217029E1,1.649999976E0,3.107999878E2,2.500000000E0,2.000000000E0
4.659208633E2,6.469389149E1,2.452701819E1,1.027216985E1,1.829999924E0,3.113999939E2,2.500000000E0,2.000000000E0
4.669208658E2,6.469390071E1,2.452699791E1,9.272169794E0,1.360000014E0,3.068999939E2,2.500000000E0,2.000000000E0
4.679208683E2,6.469391027E1,2.452697720E1,1.027216977E1,1.500000000E0,3.067999878E2,2.500000000E0,2.000000000E0
4.689208708E2,6.469392385E1,2.452695809E1,9.272170803E0,1.709999919E0,3.141000061E2,2.500000000E0,2.000000000E0
4.699208733E2,6.469393563E1,2.452692809E1,1.027217031E1,1.689999938E0,3.148999939E2,2.500000000E0,2.000000000E0
4.709208758E2,6.469394614E1,2.452690068E1,1.027216981E1,1.699999928E0,3.142999878E2,2.500000000E0,2.000000000E0
4.719208783E2,6.469395692E1,2.452687277E1,1.027216932E1,1.689999938E0,3.140000000E2,2.500000000E0,2.000000000E0
4.729208808E2,6.469396748E1,2.452684988E1,9.272169291E0,1.719999909E0,3.132999878E2,2.500000000E0,2.000000000E0
4.739208833E2,6.469397871E1,2.452682138E1,9.272168834E0,1.629999995E0,3.138999939E2,2.500000000E0,2.000000000E0
4.749208858E2,6.469398671E1,2.452679859E1,9.272168252E0,1.819999933E0,3.115000000E2,2.500000000E0,2.000000000E0
4.759208883E2,6.469399623E1,2.452677495E1,9.272167917E0,1.679999948E0,3.112999878E2,2.500000000E0,2.000000000E0
4.769208908E2,6.469400746E1,2.452674519E1,9.272167329E0,1.929999948E0,3.112000122E2,2.500000000E0,2.000000000E0
4.779208933E2,6.469401819E1,2.452671628E1,9.272166717E0,1.759999990E0,3.152000122E2,2.500000000E0,2.000000000E0
4.789208958E2,6.469402971E1,2.452669289E1,9.272166849E0,1.579999924E0,3.110000000E2,2.500000000E0,2.000000000E0
4.799208983E2,6.469403868E1,2.452666682E1,9.272166141E0,1.669999957E0,3.117000122E2,2.500000000E0,2.000000000E0
4.809209008E2,6.469405176E1,2.452664168E1,9.272166433E0,1.719999909E0,3.152999878E2,2.500000000E0,2.000000000E0
4.819209032E2,6.469406362E1,2.452661024E1,9.272165809E0,2.109999895E0,3.135000000E2,2.500000000E0,2.000000000E0
4.829209058E2,6.469407854E1,2.452657630E1,9.272165599E0,1.860000014E0,3.157000122E2,2.500000000E0,2.000000000E0
4.839209082E2,6.469408889E1,2.452655140E1,9.272165315E0,1.699999928E0,3.157999878E2,2.500000000E0,2.000000000E0
4.849209108E2,6.469409668E1,2.452652944E1,8.272164769E0,1.469999909E0,3.097000122E2,2.500000000E0,2.000000000E0
4.859209132E2,6.469410460E1,2.452650773E1,8.272164277E0,1.610000014E0,3.087000122E2,2.500000000E0,2.000000000E0
4.869209157E2,6.469411315E1,2.452648569E1,8.272163888E0,1.610000014E0,3.116000061E2,2.500000000E0,2.000000000E0
4.879209182E2,6.469412317E1,2.452646390E1,8.272163848E0,1.789999962E0,3.142000122E2,2.500000000E0,2.000000000E0
4.889209207E2,6.469413470E1,2.452642995E1,8.272162888E0,1.730000019E0,3.121000061E2,2.500000000E0,2.000000000E0
4.899209232E2,6.469414660E1,2.452640120E1,8.272162545E0,1.759999990E0,3.145000000E2,2.500000000E0,2.000000000E0
4.909209257E2,6.469415766E1,2.452637631E1,8.272162415E0,1.679999948E0,3.136000061E2,2.500000000E0,2.000000000E0
4.919209282E2,6.469417074E1,2.452634621E1,8.272162191E0,1.699999928E0,3.146000061E2,2.500000000E0,2.000000000E0
4.929209306E2,6.469418352E1,2.452631948E1,8.272162248E0,1.620000005E0,3.152999878E2,2.500000000E0,2.000000000E0
4.939209331E2,6.469419391E1,2.452628796E1,8.272161285E0,1.569999933E0,3.118999939E2,2.500000000E0,2.000000000E0
4.949209356E2,6.469420523E1,2.452625711E1,8.272160594E0,1.529999971E0,3.121000061E2,2.500000000E0,2.000000000E0
4.959209381E2,6.469421654E1,2.452623591E1,9.272160897E0,1.719999909E0,3.127999878E2,2.500000000E0,2.000000000E0
4.969209406E2,6.469422576E1,2.452620917E1,8.272160168E0,1.750000000E0,3.132999878E2,2.500000000E0,2.000000000E0
4.979209431E2,6.469423519E1,2.452617715E1,9.272158940E0,1.799999952E0,3.135000000E2,2.500000000E0,2.000000000E0
4.989209455E2,6.469424479E1,2.452615184E1,9.272158439E0,1.620000005E0,3.126000061E2,2.500000000E0,2.000000000E0
4.999209480E2,6.469425539E1,2.452612988E1,9.272158506E0,1.639999986E0,3.125000000E2,2.500000000E0,2.000000000E0
5.009209505E2,6.469426457E1,2.452609903E1,9.272157342E0,1.909999967E0,3.136000061E2,2.500000000E0,2.000000000E0
5.019209530E2,6.469427677E1,2.452607104E1,8.272157135E0,1.539999962E0,3.136000061E2,2.500000000E0,2.000000000E0
5.029209555E2,6.469428603E1,2.452604556E1,8.272156542E0,1.639999986E0,3.127000122E2,2.500000000E0,2.000000000E0
5.039209580E2,6.469429739E1,2.452602552E1,8.272156972E0,1.740000010E0,3.142999878E2,2.500000000E0,2.000000000E0
5.049209605E2,6.469430866E1,2.452599853E1,8.272156665E0,1.709999919E0,3.135000000E2,2.500000000E0,2.000000000E0
5.059209629E2,6.469431688E1,2.452597867E1,8.272156420E0,1.809999943E0,3.138999939E2,2.500000000E0,2.000000000E0
5.069209654E2,6.469432652E1,2.452595738E1,8.272156341E0,1.569999933E0,3.111000061E2,2.500000000E0,2.000000000E0
5.079209679E2,6.469433758E1,2.452593223E1,8.272156177E0,1.639999986E0,3.150000000E2,2.500000000E0,2.000000000E0
5.089209703E2,6.469434609E1,2.452590876E1,8.272155623E0,1.699999928E0,3.138999939E2,2.500000000E0,2.000000000E0
5.099209728E2,6.469435418E1,2.452588781E1,8.272155237E0,1.779999971E0,3.125000000E2,2.500000000E0,2.000000000E0
5.109209753E2,6.469436461E1,2.452586132E1,8.272154795E0,1.639999986E0,3.100000000E2,2.500000000E0,2.000000000E0
5.119209778E2,6.469437605E1,2.452583584E1,8.272154678E0,1.779999971E0,3.160000000E2,2.500000000E0,2.000000000E0
5.129209803E2,6.469438527E1,2.452580525E1,7.272153543E0,1.629999995E0,3.110000000E2,2.500000000E0,2.000000000E0
5.139209828E2,6.469439583E1,2.452577666E1,8.272152911E0,1.649999976E0,3.122999878E2,2.500000000E0,2.000000000E0
5.149209852E2,6.469440795E1,2.452574976E1,8.272152792E0,1.789999962E0,3.147999878E2,2.500000000E0,2.000000000E0
5.159209877E2,6.469442140E1,2.452572118E1,8.272152794E0,1.909999967E0,3.167000122E2,2.500000000E0,2.000000000E0
5.169209902E2,6.469443171E1,2.452569092E1,8.272151931E0,1.659999967E0,3.127999878E2,2.500000000E0,2.000000000E0
5.179209927E2,6.469444152E1,2.452566803E1,8.272151720E0,1.829999924E0,3.082000122E2,2.500000000E0,2.000000000E0
5.189209953E2,6.469445195E1,2.452564213E1,9.272151335E0,1.740000010E0,3.087999878E2,2.500000000E0,2.000000000E0
5.199209978E2,6.469446431E1,2.452560919E1,9.272150645E0,1.939999938E0,3.175000000E2,2.500000000E0,2.000000000E0
5.209210003E2,6.469447387E1,2.452557801E1,9.272149520E0,1.669999957E0,3.073999939E2,2.500000000E0,2.000000000E0
5.219210028E2,6.469448376E1,2.452554851E1,9.272148641E0,1.899999976E0,3.077999878E2,2.500000000E0,2.000000000E0
5.229210053E2,6.469449285E1,2.452551842E1,9.272147526E0,1.730000019E0,3.057999878E2,2.500000000E0,2.000000000E0
5.239210078E2,6.469450107E1,2.452548757E1,8.272146140E0,1.799999952E0,3.075000000E2,2.500000000E0,2.000000000E0
5.249210103E2,6.469450882E1,2.452545815E1,8.272144799E0,1.799999952E0,3.056000061E2,2.500000000E0,2.000000000E0
5.259210128E2,6.469451905E1,2.452543301E1,8.272144442E0,1.740000010E0,3.073999939E2,2.500000000E0,2.000000000E0
5.269210154E2,6.469452726E1,2.452540518E1,8.272143367E0,1.699999928E0,3.066000061E2,2.500000000E0,2.000000000E0
5.279210178E2,6.469453615E1,2.452537215E1,8.272141901E0,1.740000010E0,3.062000122E2,2.500000000E0,2.000000000E0
5.289210204E2,6.469454830E1,2.452533561E1,8.272140787E0,1.649999976E0,3.047999878E2,2.500000000E0,2.000000000E0
5.299210229E2,6.469455878E1,2.452530761E1,8.272140189E0,1.789999962E0,3.076000061E2,2.500000000E0,2.000000000E0
5.309210254E2,6.469457043E1,2.452528087E1,8.272139977E0,1.629999995E0,3.037999878E2,2.500000000E0,2.000000000E0
5.319210280E2,6.469458091E1,2.452525011E1,8.272139092E0,1.809999943E0,3.107000122E2,2.500000000E0,2.000000000E0
5.329210305E2,6.469459025E1,2.452522371E1,8.272138409E0,1.719999909E0,3.112999878E2,2.500000000E0,2.000000000E0
5.339210330E2,6.469460060E1,2.452519991E1,8.272138215E0,1.709999919E0,3.123999939E2,2.500000000E0,2.000000000E0
5.349210356E2,6.469460982E1,2.452517057E1,8.272137200E0,1.730000019E0,3.105000000E2,2.500000000E0,2.000000000E0
5.359210381E2,6.469461909E1,2.452514274E1,8.272136351E0,1.689999938E0,3.122999878E2,2.500000000E0,2.000000000E0
5.369210406E2,6.469462998E1,2.452511206E1,8.272135563E0,1.919999957E0,3.142000122E2,2.500000000E0,2.000000000E0
5.379210432E2,6.469464188E1,2.452508566E1,8.272135438E0,1.809999943E0,3.130000000E2,2.500000000E0,2.000000000E0
5.389210458E2,6.469465069E1,2.452505725E1,8.272134425E0,1.730000019E0,3.151000061E2,2.500000000E0,2.000000000E0
5.399210483E2,6.469466146E1,2.452503830E1,8.272134824E0,1.610000014E0,3.123999939E2,2.500000000E0,2.000000000E0
5.409210509E2,6.469467277E1,2.452500427E1,8.272133779E0,1.740000010E0,3.108999939E2,2.500000000E0,2.000000000E0
5.419210534E2,6.469468337E1,2.452497661E1,8.272133238E0,1.709999919E0,3.117999878E2,2.500000000E0,2.000000000E0
5.429210560E2,6.469469431E1,2.452495054E1,8.272132934E0,1.759999990E0,3.112999878E2,2.500000000E0,2.000000000E0
5.439210585E2,6.469470471E1,2.452492456E1,8.272132519E0,1.759999990E0,3.135000000E2,2.500000000E0,2.000000000E0
5.449210610E2,6.469471292E1,2.452490151E1,8.272131930E0,1.759999990E0,3.121000061E2,2.500000000E0,2.000000000E0
5.459210636E2,6.469472210E1,2.452487628E1,8.272131326E0,1.629999995E0,3.110000000E2,2.500000000E0,2.000000000E0
5.469210662E2,6.469473119E1,2.452485113E1,7.272130713E0,1.769999981E0,3.126000061E2,2.500000000E0,2.000000000E0
5.479210688E2,6.469474351E1,2.452481853E1,7.272130032E0,1.849999905E0,3.137000122E2,2.500000000E0,2.000000000E0
5.489210714E2,6.469475441E1,2.452478701E1,7.272129152E0,1.839999914E0,3.131000061E2,2.500000000E0,2.000000000E0
5.499210739E2,6.469476916E1,2.452475483E1,6.272129045E0,1.789999962E0,3.135000000E2,2.500000000E0,2.000000000E0
5.509210765E2,6.469477868E1,2.452472507E1,7.272128044E0,1.769999981E0,3.123999939E2,2.500000000E0,2.000000000E0
5.519210790E2,6.469478974E1,2.452470177E1,6.272128050E0,1.589999914E0,3.087999878E2,2.500000000E0,2.000000000E0
5.529210816E2,6.469479804E1,2.452467511E1,6.272127103E0,1.789999962E0,3.127999878E2,2.500000000E0,2.000000000E0
5.539210841E2,6.469480940E1,2.452465340E1,6.272127337E0,1.699999928E0,3.142000122E2,2.500000000E0,2.000000000E0
5.549210867E2,6.469482008E1,2.452463002E1,6.272127250E0,1.759999990E0,3.132999878E2,2.500000000E0,2.000000000E0
5.559210894E2,6.469482918E1,2.452460420E1,6.272126563E0,1.799999952E0,3.132999878E2,2.500000000E0,2.000000000E0
5.569210919E2,6.469484263E1,2.452457830E1,6.272126820E0,1.769999981E0,3.133999939E2,2.500000000E0,2.000000000E0
5.579210945E2,6.469485311E1,2.452454184E1,6.272125330E0,1.769999981E0,3.128999939E2,2.500000000E0,2.000000000E0
5.589210971E2,6.469486421E1,2.452450940E1,6.272124395E0,1.959999919E0,3.080000000E2,2.500000000E0,2.000000000E0
5.599210996E2,6.469487369E1,2.452448099E1,7.272123519E0,1.629999995E0,3.085000000E2,2.500000000E0,2.000000000E0
5.609211022E2,6.469488483E1,2.452445048E1,6.272122792E0,1.759999990E0,3.111000061E2,2.500000000E0,2.000000000E0
5.619211048E2,6.469489829E1,2.452442232E1,6.272122811E0,1.879999995E0,3.117000122E2,2.500000000E0,2.000000000E0
5.629211074E2,6.469490822E1,2.452439038E1,6.272121669E0,1.709999919E0,3.081000061E2,2.500000000E0,2.000000000E0
5.639211100E2,6.469491853E1,2.452436431E1,6.272121217E0,1.829999924E0,3.080000000E2,2.500000000E0,2.000000000E0
5.649211126E2,6.469492808E1,2.452432995E1,6.272119740E0,1.679999948E0,3.028999939E2,2.500000000E0,2.000000000E0
5.659211151E2,6.469493630E1,2.452429449E1,6.272117855E0,1.959999919E0,3.025000000E2,2.500000000E0,2.000000000E0
5.669211178E2,6.469494556E1,2.452426306E1,6.272116617E0,1.719999909E0,3.025000000E2,2.500000000E0,2.000000000E0
5.679211203E2,6.469495373E1,2.452422869E1,6.272114836E0,1.789999962E0,3.028999939E2,2.500000000E0,2.000000000E0
5.689211229E2,6.469496329E1,2.452419693E1,6.272113626E0,1.860000014E0,3.021000061E2,2.500000000E0,2.000000000E0
5.699211255E2,6.469497159E1,2.452416147E1,6.272111758E0,1.740000010E0,3.048999939E2,2.500000000E0,2.000000000E0
5.709211281E2,6.469498139E1,2.452413289E1,6.272110933E0,1.699999928E0,3.063999939E2,2.500000000E0,2.000000000E0
5.719211307E2,6.469499015E1,2.452410297E1,6.272109739E0,1.509999990E0,3.072000122E2,2.500000000E0,2.000000000E0
5.729211333E2,6.469499715E1,2.452407396E1,7.272108256E0,1.589999914E0,3.041000061E2,2.500000000E0,2.000000000E0
5.739211359E2,6.469500696E1,2.452404547E1,7.272107438E0,1.639999986E0,3.027999878E2,2.500000000E0,2.000000000E0
5.749211385E2,6.469501396E1,2.452401504E1,7.272105806E0,1.689999938E0,3.022999878E2,2.500000000E0,2.000000000E0
5.759211411E2,6.469502439E1,2.452398151E1,7.272104602E0,1.639999986E0,3.025000000E2,2.500000000E0,2.000000000E0
5.769211437E2,6.469503345E1,2.452395394E1,7.272103714E0,1.629999995E0,2.985000000E2,2.500000000E0,2.000000000E0
5.779211463E2,6.469504145E1,2.452392393E1,7.272102344E0,1.289999962E0,3.046000061E2,2.500000000E0,2.000000000E0
5.789211489E2,6.469504971E1,2.452391018E1,7.272102717E0,1.509999990E0,3.011000061E2,2.500000000E0,2.000000000E0
5.799211515E2,6.469505767E1,2.452387825E1,7.272101137E0,1.730000019E0,2.961000061E2,2.500000000E0,2.000000000E0
5.809211541E2,6.469506341E1,2.452384313E1,7.272098742E0,1.439999938E0,2.957000122E2,2.500000000E0,2.000000000E0
5.819211567E2,6.469506898E1,2.452380088E1,6.272095570E0,1.709999919E0,2.960000000E2,2.500000000E0,2.000000000E0
5.829211594E2,6.469507594E1,2.452376928E1,7.272093804E0,1.569999933E0,3.031000061E2,2.500000000E0,2.000000000E0
5.839211620E2,6.469508382E1,2.452374003E1,7.272092483E0,1.299999952E0,3.091000061E2,2.500000000E0,2.000000000E0
5.849211646E2,6.469509367E1,2.452371363E1,7.272091887E0,1.689999938E0,3.073999939E2,2.500000000E0,2.000000000E0
5.859211672E2,6.469510088E1,2.452368580E1,7.272090567E0,1.490000010E0,3.025000000E2,2.500000000E0,2.000000000E0
5.869211698E2,6.469510737E1,2.452365403E1,7.272088682E0,1.679999948E0,3.001000061E2,2.500000000E0,2.000000000E0
5.879211724E2,6.469511563E1,2.452362134E1,7.272087084E0,1.629999995E0,2.960000000E2,2.500000000E0,2.000000000E0
5.889211750E2,6.469511940E1,2.452359142E1,6.272084797E0,1.139999986E0,2.956000061E2,2.500000000E0,2.000000000E0
5.899211777E2,6.469512502E1,2.452355839E1,6.272082589E0,1.659999967E0,2.991000061E2,2.500000000E0,2.000000000E0
5.909211802E2,6.469513457E1,2.452352269E1,6.272080959E0,1.679999948E0,2.997999878E2,2.500000000E0,2.000000000E0
5.919211828E2,6.469513977E1,2.452349461E1,5.272079173E0,1.299999952E0,2.937000122E2,2.500000000E0,2.000000000E0
5.929211855E2,6.469514765E1,2.452346586E1,6.272077901E0,1.589999914E0,2.961000061E2,2.500000000E0,2.000000000E0
5.939211881E2,6.469515498E1,2.452343266E1,6.272076048E0,1.620000005E0,2.951000061E2,2.500000000E0,2.000000000E0
5.949211907E2,6.469516085E1,2.452340056E1,6.272073988E0,1.439999938E0,2.937999878E2,2.500000000E0,2.000000000E0
5.959211934E2,6.469516814E1,2.452337558E1,6.272072979E0,1.549999952E0,2.963999939E2,2.500000000E0,2.000000000E0
5.969211960E2,6.469517921E1,2.452335144E1,5.272072878E0,1.709999919E0,3.128999939E2,2.500000000E0,2.000000000E0
5.979211987E2,6.469519065E1,2.452333326E1,5.272073477E0,1.500000000E0,3.348999939E2,2.500000000E0,2.000000000E0
5.989212013E2,6.469520561E1,2.452332647E1,5.272076027E0,1.549999952E0,1.389999962E1,2.500000000E0,2.000000000E0
5.999212039E2,6.469522024E1,2.452334030E1,5.272080647E0,1.730000019E0,2.560000038E1,2.500000000E0,2.000000000E0
6.009212065E2,6.469523645E1,2.452334507E1,6.272084674E0,1.669999957E0,2.579999924E1,2.500000000E0,2.000000000E0
6.019212092E2,6.469525179E1,2.452336779E1,6.272090374E0,1.699999928E0,3.010000038E1,2.500000000E0,2.000000000E0
6.029212118E2,6.469526135E1,2.452338246E1,6.272093979E0,1.589999914E0,3.709999847E1,2.500000000E0,2.000000000E0
6.039212144E2,6.469527007E1,2.452341355E1,6.272099111E0,1.629999995E0,4.350000000E1,2.500000000E0,2.000000000E0
6.049212171E2,6.469528276E1,2.452344465E1,6.272105111E0,1.610000014E0,4.529999924E1,2.500000000E0,2.000000000E0
6.059212197E2,6.469529224E1,2.452346619E1,6.272109414E0,1.539999962E0,4.600000000E1,2.500000000E0,2.000000000E0
6.069212223E2,6.469530435E1,2.452349159E1,7.272114694E0,1.819999933E0,4.750000000E1,2.500000000E0,2.000000000E0
6.079212249E2,6.469531684E1,2.452351958E1,7.272120326E0,1.559999943E0,4.800000000E1,2.500000000E0,2.000000000E0
