"Time (s)","Latitude (°)","Longitude (°)","Altitude (m)","Altitude WGS84 (m)","Speed (m/s)","Direction (°)","Distance (km)","Horizontal Accuracy (m)","Vertical Accuracy (m)","Satellites"
0.000000000E0,6.506246010E1,2.547343990E1,1.741487981E1,3.489999771E1,NaN,NaN,1.776640908E-3,4.335400009E1,3.555347204E0,0.000000000E0
2.249246772E1,6.506247340E1,2.547346090E1,1.741487718E1,3.489999771E1,NaN,NaN,4.731278403E-2,2.722200012E1,1.265742660E0,0.000000000E0
3.723415732E1,6.506288270E1,2.547349281E1,2.951472894E1,4.700000000E1,0.000000000E0,0.000000000E0,5.173166220E-2,1.250000000E1,1.000000000E2,7.000000000E0
3.820456594E1,6.506289301E1,2.547340178E1,2.851471472E1,4.600000000E1,2.999999933E-2,0.000000000E0,5.300346235E-2,1.100000000E1,1.000000000E2,8.000000000E0
3.919005016E1,6.506289942E1,2.547337932E1,2.651470975E1,4.400000000E1,2.999999933E-2,0.000000000E0,5.439448276E-2,9.500000000E0,1.000000000E2,8.000000000E0
4.017464516E1,6.506291010E1,2.547339474E1,2.551470748E1,4.300000000E1,0.000000000E0,0.000000000E0,5.439448276E-2,8.500000000E0,1.000000000E2,8.000000000E0
4.120934455E1,6.506291010E1,2.547339474E1,2.551470748E1,4.300000000E1,0.000000000E0,0.000000000E0,5.439448276E-2,8.500000000E0,1.000000000E2,8.000000000E0
4.218551601E1,6.506291010E1,2.547339474E1,2.551470748E1,4.300000000E1,0.000000000E0,0.000000000E0,5.439448276E-2,8.500000000E0,1.000000000E2,8.000000000E0
4.322119639E1,6.506291010E1,2.547339474E1,2.551470748E1,4.300000000E1,0.000000000E0,0.000000000E0,5.439448276E-2,1.000000000E1,1.000000000E2,1.300000000E1
4.420113105E1,6.506291010E1,2.547339474E1,2.551470748E1,4.300000000E1,0.000000000E0,0.000000000E0,5.439448276E-2,7.500000000E0,1.000000000E2,1.300000000E1
4.519278297E1,6.506291010E1,2.547339474E1,2.551470748E1,4.300000000E1,0.000000000E0,0.000000000E0,5.439448276E-2,6.500000000E0,1.000000000E2,1.300000000E1
4.619960531E1,6.506291010E1,2.547339474E1,2.551470748E1,4.300000000E1,0.000000000E0,0.000000000E0,5.439448276E-2,5.500000000E0,1.000000000E2,1.300000000E1
4.720197912E1,6.506291010E1,2.547339474E1,2.551470748E1,4.300000000E1,0.000000000E0,0.000000000E0,5.439448276E-2,6.000000000E0,1.000000000E2,1.600000000E1
4.819493831E1,6.506291010E1,2.547339474E1,2.551470748E1,4.300000000E1,0.000000000E0,0.000000000E0,5.439448276E-2,5.500000000E0,1.000000000E2,1.600000000E1
4.922118677E1,6.506291010E1,2.547339474E1,2.551470748E1,4.300000000E1,0.000000000E0,0.000000000E0,5.439448276E-2,5.000000000E0,1.000000000E2,1.600000000E1
5.020517293E1,6.506291010E1,2.547339474E1,2.551470748E1,4.300000000E1,0.000000000E0,0.000000000E0,5.682565999E-2,4.500000000E0,1.000000000E2,1.600000000E1
5.120416212E1,6.506289280E1,2.547342642E1,2.151471760E1,3.900000000E1,8.399999738E-1,6.750000000E1,5.829476035E-2,4.000000000E0,1.000000000E2,1.600000000E1
5.221205989E1,6.506288596E1,2.547345324E1,2.051472322E1,3.800000000E1,5.500000119E-1,7.569999695E1,5.950542887E-2,4.000000000E0,1.000000000E2,1.600000000E1
5.320101496E1,6.506289296E1,2.547347303E1,1.951472283E1,3.700000000E1,1.700000018E-1,7.680000305E1,5.954163928E-2,3.500000000E0,1.000000000E2,1.600000000E1
5.420007542E1,6.506289326E1,2.547347336E1,1.951472276E1,3.700000000E1,0.000000000E0,0.000000000E0,6.029275259E-2,3.500000000E0,1.000000000E2,1.600000000E1
5.520662977E1,6.506288651E1,2.547347412E1,1.751472538E1,3.500000000E1,0.000000000E0,0.000000000E0,6.029275259E-2,3.500000000E0,1.000000000E2,1.600000000E1
5.619681038E1,6.506288651E1,2.547347412E1,1.751472538E1,3.500000000E1,0.000000000E0,0.000000000E0,6.029275259E-2,3.500000000E0,1.000000000E2,1.600000000E1
5.720436354E1,6.506288651E1,2.547347412E1,1.751472538E1,3.500000000E1,0.000000000E0,0.000000000E0,6.029275259E-2,3.500000000E0,1.000000000E2,1.600000000E1
5.813527842E1,6.506288651E1,2.547347412E1,1.751472538E1,3.500000000E1,0.000000000E0,0.000000000E0,6.029275259E-2,3.500000000E0,1.000000000E2,1.500000000E1
5.922249807E1,6.506288651E1,2.547347412E1,1.751472538E1,3.500000000E1,0.000000000E0,0.000000000E0,6.029275259E-2,3.000000000E0,1.000000000E2,1.700000000E1
6.020248030E1,6.506288651E1,2.547347412E1,1.751472538E1,3.500000000E1,0.000000000E0,0.000000000E0,6.029275259E-2,3.000000000E0,1.000000000E2,1.700000000E1
6.113367146E1,6.506288651E1,2.547347412E1,1.751472538E1,3.500000000E1,0.000000000E0,0.000000000E0,6.029275259E-2,3.000000000E0,1.000000000E2,1.600000000E1
6.216733257E1,6.506288651E1,2.547347412E1,1.751472538E1,3.500000000E1,0.000000000E0,0.000000000E0,6.029275259E-2,3.000000000E0,1.000000000E2,1.500000000E1
6.320634430E1,6.506288651E1,2.547347412E1,1.751472538E1,3.500000000E1,0.000000000E0,0.000000000E0,6.123367053E-2,3.000000000E0,1.000000000E2,1.700000000E1
6.420033830E1,6.506288244E1,2.547349172E1,1.751472891E1,3.500000000E1,4.399999976E-1,8.609999847E1,6.237129104E-2,3.000000000E0,1.000000000E2,1.700000000E1
6.521803961E1,6.506287222E1,2.547349096E1,1.651473268E1,3.400000000E1,3.700000048E-1,8.790000153E1,6.302628929E-2,2.500000000E0,1.000000000E2,1.600000000E1
6.618231745E1,6.506286958E1,2.547350345E1,1.651473509E1,3.400000000E1,7.299999595E-1,8.450000000E1,6.450022308E-2,2.500000000E0,1.000000000E2,1.700000000E1
6.718856653E1,6.506286857E1,2.547353480E1,1.551473903E1,3.300000000E1,1.230000019E0,7.800000000E1,6.641016897E-2,2.500000000E0,1.000000000E2,1.700000000E1
6.820141588E1,6.506286836E1,2.547357554E1,1.451474374E1,3.200000000E1,1.709999919E0,6.769999695E1,6.763326635E-2,3.000000000E0,1.000000000E2,1.700000000E1
6.921380495E1,6.506286635E1,2.547360118E1,1.451474741E1,3.200000000E1,1.419999957E0,8.150000000E1,6.965546949E-2,3.000000000E0,1.000000000E2,1.700000000E1
7.020055053E1,6.506286723E1,2.547364427E1,1.451475197E1,3.200000000E1,1.569999933E0,8.730000305E1,7.197993169E-2,2.500000000E0,1.000000000E2,1.700000000E1
7.121536780E1,6.506286530E1,2.547369364E1,1.451475830E1,3.200000000E1,2.180000067E0,8.850000000E1,7.486627662E-2,2.500000000E0,1.000000000E2,1.700000000E1
7.220626691E1,6.506286434E1,2.547375516E1,1.451476565E1,3.200000000E1,2.429999828E0,8.580000305E1,7.800533532E-2,2.500000000E0,1.000000000E2,1.700000000E1
7.322099668E1,6.506286828E1,2.547382146E1,1.451477170E1,3.200000000E1,2.519999981E0,8.159999847E1,8.099275015E-2,3.000000000E0,1.000000000E2,1.700000000E1
7.421368706E1,6.506287075E1,2.547388491E1,1.451477797E1,3.200000000E1,2.529999971E0,8.130000305E1,8.453166095E-2,3.000000000E0,1.000000000E2,1.600000000E1
7.522943445E1,6.506287188E1,2.547396035E1,1.451478611E1,3.200000000E1,3.220000029E0,8.069999695E1,8.814304533E-2,3.000000000E0,1.000000000E2,1.600000000E1
7.620502333E1,6.506287172E1,2.547403738E1,1.351479492E1,3.100000000E1,2.929999828E0,8.140000153E1,9.204134538E-2,3.000000000E0,1.000000000E2,1.500000000E1
7.722997160E1,6.506287146E1,2.547412053E1,1.351480446E1,3.100000000E1,3.089999914E0,8.369999695E1,9.671235886E-2,3.000000000E0,1.000000000E2,1.700000000E1
7.822995933E1,6.506286924E1,2.547422002E1,1.251481660E1,3.000000000E1,4.549999714E0,8.759999847E1,1.039021002E-1,3.500000000E0,1.000000000E2,1.800000000E1
7.921705790E1,6.506286262E1,2.547437257E1,1.251483641E1,3.000000000E1,4.779999733E0,8.850000000E1,1.101314989E-1,3.000000000E0,1.000000000E2,1.800000000E1
8.021660537E1,6.506286358E1,2.547450542E1,1.351485113E1,3.100000000E1,4.960000038E0,8.909999847E1,1.158765174E-1,2.500000000E0,1.000000000E2,1.700000000E1
8.121195267E1,6.506286090E1,2.547462780E1,1.351486604E1,3.100000000E1,5.230000019E0,8.969999695E1,1.221843463E-1,2.500000000E0,1.000000000E2,1.700000000E1
8.214907179E1,6.506286002E1,2.547476233E1,1.351488164E1,3.100000000E1,5.279999733E0,8.959999847E1,1.278541054E-1,2.500000000E0,1.000000000E2,1.800000000E1
8.321221048E1,6.506286174E1,2.547488320E1,1.251489472E1,3.000000000E1,5.469999790E0,9.150000000E1,1.334779385E-1,2.500000000E0,1.000000000E2,1.800000000E1
8.416011390E1,6.506285973E1,2.547500306E1,1.251490909E1,3.000000000E1,5.529999733E0,9.250000000E1,1.390073118E-1,2.500000000E0,1.000000000E2,1.600000000E1
8.522582113E1,6.506285474E1,2.547512040E1,1.251492429E1,3.000000000E1,5.579999924E0,9.250000000E1,1.447490615E-1,2.500000000E0,1.000000000E2,1.800000000E1
8.621573940E1,6.506285403E1,2.547524286E1,1.251493846E1,3.000000000E1,5.739999771E0,9.040000153E1,1.505762337E-1,2.500000000E0,1.000000000E2,1.600000000E1
8.721010125E1,6.506285223E1,2.547536708E1,1.251495324E1,3.000000000E1,5.670000076E0,8.700000000E1,1.565309549E-1,2.500000000E0,1.000000000E2,1.800000000E1
8.820443048E1,6.506285877E1,2.547549315E1,1.251496511E1,3.000000000E1,5.659999847E0,8.400000000E1,1.630621831E-1,2.500000000E0,1.000000000E2,1.700000000E1
8.917032324E1,6.506286488E1,2.547563170E1,1.351497855E1,3.100000000E1,5.750000000E0,8.290000153E1,1.690481776E-1,2.500000000E0,1.000000000E2,1.900000000E1
9.023359505E1,6.506286937E1,2.547575894E1,1.251499131E1,3.000000000E1,5.779999733E0,8.209999847E1,1.752777584E-1,2.500000000E0,1.000000000E2,1.800000000E1
9.123318017E1,6.506287574E1,2.547589095E1,1.251500392E1,3.000000000E1,5.969999790E0,7.950000000E1,1.811751316E-1,2.500000000E0,1.000000000E2,1.700000000E1
9.221895774E1,6.506288236E1,2.547601576E1,1.251501562E1,3.000000000E1,6.019999981E0,7.919999695E1,1.875546575E-1,2.500000000E0,1.000000000E2,1.900000000E1
9.320096543E1,6.506288886E1,2.547615096E1,1.251502854E1,3.000000000E1,5.759999752E0,8.450000000E1,1.940530487E-1,3.000000000E0,1.000000000E2,1.800000000E1
9.422948043E1,6.506288622E1,2.547628943E1,1.251504526E1,3.000000000E1,6.089999676E0,9.009999847E1,2.003999306E-1,2.500000000E0,1.000000000E2,1.800000000E1
9.522598966E1,6.506288408E1,2.547642471E1,1.251506142E1,3.000000000E1,6.339999676E0,8.819999695E1,2.069013417E-1,3.000000000E0,1.000000000E2,1.800000000E1
9.622222862E1,6.506288089E1,2.547656318E1,1.251507834E1,3.000000000E1,6.250000000E0,8.959999847E1,2.137755783E-1,3.000000000E0,1.000000000E2,1.800000000E1
9.723375412E1,6.506287708E1,2.547670953E1,1.251509639E1,3.000000000E1,6.099999905E0,9.140000153E1,2.204622048E-1,3.000000000E0,1.000000000E2,1.800000000E1
9.820452397E1,6.506287448E1,2.547685202E1,1.351511354E1,3.100000000E1,6.420000076E0,8.809999847E1,2.272980217E-1,2.500000000E0,1.000000000E2,1.700000000E1
9.919901312E1,6.506287188E1,2.547699770E1,1.251513105E1,3.000000000E1,6.460000038E0,8.869999695E1,2.336846610E-1,3.000000000E0,1.000000000E2,1.600000000E1
1.002252345E2,6.506287289E1,2.547713391E1,1.251514615E1,3.000000000E1,6.449999809E0,8.850000000E1,2.403277496E-1,3.000000000E0,1.000000000E2,1.700000000E1
1.012152550E2,6.506287436E1,2.547727556E1,1.251516169E1,3.000000000E1,6.429999828E0,9.069999695E1,2.469736182E-1,2.500000000E0,1.000000000E2,1.700000000E1
1.021892759E2,6.506287130E1,2.547741713E1,1.151517891E1,2.900000000E1,6.329999924E0,9.240000153E1,2.538352216E-1,2.500000000E0,1.000000000E2,1.600000000E1
1.032080674E2,6.506287058E1,2.547756348E1,1.151519579E1,2.900000000E1,6.399999619E0,9.109999847E1,2.604654250E-1,2.500000000E0,1.000000000E2,1.700000000E1
1.042233316E2,6.506286690E1,2.547770463E1,1.151521320E1,2.900000000E1,6.389999866E0,9.180000305E1,2.672826407E-1,2.500000000E0,1.000000000E2,1.700000000E1
1.052190030E2,6.506286409E1,2.547784989E1,1.151523074E1,2.900000000E1,6.529999733E0,9.090000153E1,2.732826871E-1,2.500000000E0,1.000000000E2,1.500000000E1
1.062225808E2,6.506286920E1,2.547797729E1,1.151524330E1,2.900000000E1,6.579999924E0,8.740000153E1,2.798499112E-1,2.000000000E0,1.000000000E2,1.600000000E1
1.072072661E2,6.506286828E1,2.547811735E1,1.151525955E1,2.900000000E1,6.619999886E0,8.750000000E1,2.862196511E-1,2.000000000E0,1.000000000E2,1.600000000E1
1.082419385E2,6.506287109E1,2.547825306E1,1.151527392E1,2.900000000E1,6.359999657E0,8.719999695E1,2.925872761E-1,2.000000000E0,1.000000000E2,1.700000000E1
1.091713143E2,6.506287348E1,2.547838876E1,1.151528844E1,2.900000000E1,6.159999847E0,8.659999847E1,2.989781039E-1,2.000000000E0,1.000000000E2,1.600000000E1
1.102187657E2,6.506287461E1,2.547852505E1,1.151530350E1,2.900000000E1,6.139999866E0,8.919999695E1,3.052620350E-1,2.000000000E0,1.000000000E2,1.800000000E1
1.112206162E2,6.506287394E1,2.547865908E1,1.151531897E1,2.900000000E1,6.289999962E0,8.950000000E1,3.117936581E-1,2.000000000E0,1.000000000E2,1.800000000E1
1.122224935E2,6.506287176E1,2.547879830E1,1.151533559E1,2.900000000E1,6.469999790E0,8.940000153E1,3.183881130E-1,2.000000000E0,1.000000000E2,1.800000000E1
1.132222086E2,6.506286958E1,2.547893886E1,1.051535236E1,2.800000000E1,6.460000038E0,9.069999695E1,3.246421446E-1,2.000000000E0,1.000000000E2,1.800000000E1
1.142136162E2,6.506286585E1,2.547907197E1,1.051536887E1,2.800000000E1,6.589999676E0,8.890000153E1,3.311504761E-1,2.000000000E0,1.000000000E2,1.800000000E1
1.152319324E2,6.506286220E1,2.547921052E1,1.051538596E1,2.800000000E1,7.019999981E0,8.990000153E1,3.384515151E-1,2.000000000E0,1.000000000E2,1.800000000E1
1.162254438E2,6.506285793E1,2.547936592E1,1.051540519E1,2.800000000E1,6.929999828E0,8.940000153E1,3.452222974E-1,2.500000000E0,1.000000000E2,1.800000000E1
1.172239021E2,6.506285780E1,2.547951034E1,9.515421639E0,2.700000000E1,7.039999962E0,8.909999847E1,3.523045432E-1,2.500000000E0,1.000000000E2,1.800000000E1
1.182182872E2,6.506285889E1,2.547966138E1,9.515438385E0,2.700000000E1,7.449999809E0,8.559999847E1,3.599302222E-1,2.500000000E0,1.000000000E2,1.800000000E1
1.192332817E2,6.506286304E1,2.547982374E1,9.515455282E0,2.700000000E1,7.440000057E0,8.340000153E1,3.672163675E-1,2.500000000E0,1.000000000E2,1.900000000E1
1.202165037E2,6.506286388E1,2.547997914E1,1.051547262E1,2.800000000E1,7.190000057E0,8.450000000E1,3.741755171E-1,2.500000000E0,1.000000000E2,1.800000000E1
1.212379643E2,6.506286748E1,2.548012733E1,1.051548811E1,2.800000000E1,7.269999981E0,8.559999847E1,3.815004148E-1,2.500000000E0,1.000000000E2,1.700000000E1
1.222250826E2,6.506286773E1,2.548028357E1,1.051550576E1,2.800000000E1,7.239999771E0,8.719999695E1,3.891263054E-1,2.500000000E0,1.000000000E2,1.700000000E1
1.232227730E2,6.506286945E1,2.548044618E1,1.151552359E1,2.900000000E1,7.079999924E0,8.859999847E1,3.960896225E-1,2.500000000E0,1.000000000E2,1.800000000E1
1.242205907E2,6.506286945E1,2.548059471E1,1.151554046E1,2.900000000E1,7.039999962E0,8.930000305E1,4.034734123E-1,2.500000000E0,1.000000000E2,1.800000000E1
1.252309840E2,6.506286949E1,2.548075221E1,1.151555833E1,2.900000000E1,6.889999866E0,8.950000000E1,4.101819215E-1,3.000000000E0,1.000000000E2,1.900000000E1
1.262172318E2,6.506287172E1,2.548089520E1,1.151557374E1,2.900000000E1,6.710000038E0,8.780000305E1,4.170673158E-1,3.000000000E0,1.000000000E2,1.700000000E1
1.272204613E2,6.506286945E1,2.548104197E1,1.151559125E1,2.900000000E1,6.909999847E0,8.859999847E1,4.243336469E-1,3.000000000E0,1.000000000E2,1.700000000E1
1.282227628E2,6.506287016E1,2.548119695E1,1.051560859E1,2.800000000E1,6.809999943E0,8.940000153E1,4.312813219E-1,3.000000000E0,1.000000000E2,1.800000000E1
1.292274494E2,6.506287046E1,2.548134514E1,1.151562531E1,2.900000000E1,6.940000057E0,8.800000000E1,4.380651592E-1,3.000000000E0,1.000000000E2,1.800000000E1
1.302248792E2,6.506287477E1,2.548148948E1,1.151564010E1,2.900000000E1,6.949999809E0,8.569999695E1,4.449145861E-1,2.500000000E0,1.000000000E2,1.700000000E1
1.312244219E2,6.506288169E1,2.548163465E1,1.151565403E1,2.900000000E1,6.399999619E0,7.730000305E1,4.513352264E-1,2.500000000E0,1.000000000E2,1.700000000E1
1.321897490E2,6.506289250E1,2.548176918E1,1.051566532E1,2.800000000E1,6.329999924E0,7.940000153E1,4.575675923E-1,3.000000000E0,1.000000000E2,1.700000000E1
1.332068148E2,6.506288969E1,2.548190195E1,1.051568144E1,2.800000000E1,6.409999847E0,8.590000153E1,4.643602667E-1,3.000000000E0,1.000000000E2,1.600000000E1
1.342330187E2,6.506289414E1,2.548204646E1,1.051569621E1,2.800000000E1,6.579999924E0,8.640000153E1,4.714338295E-1,3.000000000E0,1.000000000E2,1.500000000E1
1.352297513E2,6.506289632E1,2.548219725E1,1.051571253E1,2.800000000E1,7.049999714E0,8.009999847E1,4.782046684E-1,3.500000000E0,1.000000000E2,1.600000000E1
1.362203754E2,6.506289841E1,2.548234158E1,1.051572815E1,2.800000000E1,6.609999657E0,7.919999695E1,4.848202901E-1,3.500000000E0,1.000000000E2,1.800000000E1
1.372128236E2,6.506290721E1,2.548248114E1,1.051574076E1,2.800000000E1,6.609999657E0,8.119999695E1,4.914849287E-1,3.500000000E0,1.000000000E2,1.900000000E1
1.382239137E2,6.506290927E1,2.548262321E1,1.051575614E1,2.800000000E1,6.859999657E0,8.540000153E1,4.983754584E-1,3.500000000E0,1.000000000E2,1.900000000E1
1.392244311E2,6.506290394E1,2.548276965E1,1.151577474E1,2.900000000E1,6.569999695E0,8.730000305E1,5.054751855E-1,3.500000000E0,1.000000000E2,1.900000000E1
1.402085788E2,6.506289933E1,2.548292069E1,1.151579359E1,2.900000000E1,6.629999638E0,8.509999847E1,5.117688900E-1,3.500000000E0,1.000000000E2,1.900000000E1
1.412128449E2,6.506289778E1,2.548305488E1,1.151580941E1,2.900000000E1,6.549999714E0,8.540000153E1,5.186895981E-1,3.000000000E0,1.000000000E2,1.800000000E1
1.422200848E2,6.506290206E1,2.548320215E1,1.051582456E1,2.800000000E1,6.569999695E0,8.369999695E1,5.257158797E-1,3.500000000E0,1.000000000E2,1.800000000E1
1.431678459E2,6.506290172E1,2.548335202E1,1.051584171E1,2.800000000E1,6.489999771E0,8.550000000E1,5.327068838E-1,3.500000000E0,1.000000000E2,1.700000000E1
1.442081662E2,6.506290218E1,2.548350113E1,9.515858477E0,2.700000000E1,6.750000000E0,8.659999847E1,5.394960480E-1,3.000000000E0,1.000000000E2,1.800000000E1
1.452241795E2,6.506290046E1,2.548364589E1,9.515875552E0,2.700000000E1,6.799999714E0,8.809999847E1,5.467148794E-1,3.000000000E0,1.000000000E2,1.700000000E1
1.462370410E2,6.506290080E1,2.548379987E1,9.515892919E0,2.700000000E1,6.690000057E0,8.959999847E1,5.533776260E-1,3.000000000E0,1.000000000E2,1.500000000E1
1.472174592E2,6.506289694E1,2.548394169E1,9.515910447E0,2.700000000E1,6.750000000E0,9.180000305E1,5.602650624E-1,3.000000000E0,1.000000000E2,1.600000000E1
1.482246163E2,6.506289011E1,2.548408770E1,8.515929543E0,2.600000000E1,6.670000076E0,9.009999847E1,5.673974032E-1,3.000000000E0,1.000000000E2,1.700000000E1
1.492323991E2,6.506289036E1,2.548423983E1,9.515946730E0,2.700000000E1,6.739999771E0,8.819999695E1,5.745180238E-1,2.500000000E0,1.000000000E2,1.800000000E1
1.501956622E2,6.506288999E1,2.548439171E1,9.515964120E0,2.700000000E1,6.699999809E0,9.109999847E1,5.816788424E-1,2.500000000E0,1.000000000E2,1.900000000E1
1.512226669E2,6.506289108E1,2.548454443E1,9.515981066E0,2.700000000E1,6.750000000E0,9.130000305E1,5.883864338E-1,2.500000000E0,1.000000000E2,1.700000000E1
1.522306411E2,6.506289724E1,2.548468675E1,9.515994970E0,2.700000000E1,6.569999695E0,8.859999847E1,5.949387802E-1,2.500000000E0,1.000000000E2,1.800000000E1
1.532357719E2,6.506290101E1,2.548482623E1,9.516009429E0,2.700000000E1,6.690000057E0,8.869999695E1,6.017899198E-1,2.500000000E0,1.000000000E2,1.800000000E1
1.542138754E2,6.506289774E1,2.548497216E1,9.516027204E0,2.700000000E1,6.609999657E0,8.980000305E1,6.085733686E-1,2.500000000E0,1.000000000E2,1.500000000E1
1.552274796E2,6.506289401E1,2.548511658E1,9.516044976E0,2.700000000E1,6.599999905E0,9.059999847E1,6.153706595E-1,2.500000000E0,1.000000000E2,1.600000000E1
1.562161550E2,6.506289221E1,2.548526150E1,9.516062098E0,2.700000000E1,6.750000000E0,8.980000305E1,6.220104281E-1,2.500000000E0,1.000000000E2,1.600000000E1
1.572165938E2,6.506289053E1,2.548540307E1,9.516078793E0,2.700000000E1,6.649999619E0,8.859999847E1,6.287895209E-1,2.500000000E0,1.000000000E2,1.600000000E1
1.582293536E2,6.506289523E1,2.548554724E1,1.051609345E1,2.800000000E1,6.349999905E0,8.459999847E1,6.355496717E-1,2.500000000E0,1.000000000E2,1.800000000E1
1.592268938E2,6.506290218E1,2.548569049E1,1.051610717E1,2.800000000E1,6.230000019E0,8.340000153E1,6.418579456E-1,2.500000000E0,1.000000000E2,1.900000000E1
1.602156870E2,6.506290679E1,2.548582460E1,1.051612072E1,2.800000000E1,5.879999638E0,8.809999847E1,6.483539262E-1,2.500000000E0,1.000000000E2,1.900000000E1
1.612426299E2,6.506290323E1,2.548596290E1,1.051613773E1,2.800000000E1,6.219999790E0,9.459999847E1,6.549112939E-1,3.000000000E0,1.000000000E2,1.700000000E1
1.622204153E2,6.506289757E1,2.548610212E1,1.051615562E1,2.800000000E1,6.869999886E0,9.550000000E1,6.612422172E-1,2.500000000E0,1.000000000E2,1.700000000E1
1.632174622E2,6.506289062E1,2.548623615E1,1.151617339E1,2.900000000E1,6.639999866E0,9.240000153E1,6.677541028E-1,3.000000000E0,1.000000000E2,1.700000000E1
1.642205580E2,6.506288990E1,2.548637504E1,1.151618942E1,2.900000000E1,6.719999790E0,8.859999847E1,6.746510951E-1,3.000000000E0,1.000000000E2,1.800000000E1
1.652267812E2,6.506288517E1,2.548652172E1,1.151620781E1,2.900000000E1,6.750000000E0,8.790000153E1,6.816312008E-1,2.500000000E0,1.000000000E2,1.900000000E1
1.662021571E2,6.506287695E1,2.548666933E1,1.151622758E1,2.900000000E1,6.679999828E0,9.180000305E1,6.888777305E-1,2.500000000E0,1.000000000E2,1.900000000E1
1.672145086E2,6.506287473E1,2.548682380E1,1.251624593E1,3.000000000E1,6.649999619E0,9.359999847E1,6.960583354E-1,2.500000000E0,1.000000000E2,1.700000000E1
1.682049253E2,6.506287230E1,2.548697686E1,1.251626420E1,3.000000000E1,6.579999924E0,9.030000305E1,7.030959410E-1,2.000000000E0,1.000000000E2,1.700000000E1
1.692272822E2,6.506287029E1,2.548712689E1,1.351628198E1,3.100000000E1,6.519999981E0,8.930000305E1,7.098116443E-1,2.000000000E0,1.000000000E2,1.700000000E1
1.702262475E2,6.506286824E1,2.548727006E1,1.351629898E1,3.100000000E1,6.230000019E0,9.380000305E1,7.155715422E-1,2.000000000E0,1.000000000E2,1.600000000E1
1.712182006E2,6.506286291E1,2.548739227E1,1.351631480E1,3.100000000E1,6.199999809E0,9.409999847E1,7.215785905E-1,2.000000000E0,1.000000000E2,1.600000000E1
1.722153310E2,6.506285181E1,2.548751766E1,1.351633309E1,3.100000000E1,6.150000095E0,1.009000015E2,7.276915957E-1,2.000000000E0,1.000000000E2,1.600000000E1
1.732008660E2,6.506283488E1,2.548764171E1,1.351635335E1,3.100000000E1,6.399999619E0,1.073000031E2,7.340302741E-1,2.000000000E0,1.000000000E2,1.700000000E1
1.742208005E2,6.506281560E1,2.548776895E1,1.351637482E1,3.100000000E1,6.420000076E0,1.104000015E2,7.403822303E-1,2.500000000E0,1.000000000E2,1.900000000E1
1.752197998E2,6.506279146E1,2.548789174E1,1.351639756E1,3.100000000E1,6.469999790E0,1.111999969E2,7.469164413E-1,2.500000000E0,1.000000000E2,1.900000000E1
1.762106891E2,6.506276904E1,2.548802057E1,1.351642034E1,3.100000000E1,6.519999981E0,1.106999969E2,7.538156352E-1,2.500000000E0,1.000000000E2,1.700000000E1
1.772347906E2,6.506274967E1,2.548816038E1,1.351644326E1,3.100000000E1,6.629999638E0,1.071999969E2,7.603578366E-1,2.000000000E0,1.000000000E2,1.700000000E1
1.782126395E2,6.506273354E1,2.548829458E1,1.451646436E1,3.200000000E1,6.420000076E0,1.103000031E2,7.670447270E-1,2.000000000E0,1.000000000E2,1.800000000E1
1.791786759E2,6.506270865E1,2.548842441E1,1.451648815E1,3.200000000E1,6.429999828E0,1.118000031E2,7.738726676E-1,2.000000000E0,1.000000000E2,1.800000000E1
1.801879452E2,6.506268719E1,2.548856087E1,1.451651143E1,3.200000000E1,6.480000019E0,1.075999985E2,7.806375789E-1,2.000000000E0,1.000000000E2,1.900000000E1
1.812272003E2,6.506266858E1,2.548869825E1,1.551653378E1,3.300000000E1,6.759999752E0,1.063000031E2,7.872746420E-1,2.500000000E0,1.000000000E2,1.900000000E1
1.821853445E2,6.506265475E1,2.548883596E1,1.551655442E1,3.300000000E1,6.769999981E0,1.065999985E2,7.944406227E-1,2.000000000E0,1.000000000E2,1.900000000E1
1.832080945E2,6.506263581E1,2.548898206E1,1.551657787E1,3.300000000E1,6.469999790E0,1.048000031E2,8.010820388E-1,2.000000000E0,1.000000000E2,1.900000000E1
1.842296394E2,6.506262256E1,2.548912019E1,1.551659834E1,3.300000000E1,6.089999676E0,9.830000305E1,8.077293097E-1,2.500000000E0,1.000000000E2,1.900000000E1
1.852285746E2,6.506261162E1,2.548925959E1,1.551661811E1,3.300000000E1,6.210000038E0,9.540000153E1,8.147061248E-1,2.500000000E0,1.000000000E2,1.900000000E1
1.862219118E2,6.506260517E1,2.548940761E1,1.551663723E1,3.300000000E1,6.250000000E0,9.440000153E1,8.212843249E-1,2.000000000E0,1.000000000E2,1.900000000E1
1.872266323E2,6.506259562E1,2.548954608E1,1.551665639E1,3.300000000E1,6.259999752E0,9.540000153E1,8.279962159E-1,2.000000000E0,1.000000000E2,1.800000000E1
1.882182651E2,6.506259557E1,2.548968924E1,1.551667263E1,3.300000000E1,6.699999809E0,9.040000153E1,8.351293457E-1,2.500000000E0,1.000000000E2,1.600000000E1
1.892247714E2,6.506259993E1,2.548984104E1,1.551668826E1,3.300000000E1,7.199999809E0,8.830000305E1,8.422048390E-1,2.000000000E0,1.000000000E2,1.600000000E1
1.901833472E2,6.506260391E1,2.548999166E1,1.651670388E1,3.400000000E1,7.049999714E0,9.100000000E1,8.495091305E-1,2.500000000E0,1.000000000E2,1.600000000E1
1.911951462E2,6.506260861E1,2.549014706E1,1.551671980E1,3.300000000E1,7.119999886E0,8.650000000E1,8.564989668E-1,2.500000000E0,1.000000000E2,1.700000000E1
1.921995994E2,6.506261041E1,2.549029609E1,1.651673603E1,3.400000000E1,7.190000057E0,8.659999847E1,8.638909741E-1,2.000000000E0,1.000000000E2,1.800000000E1
1.932178941E2,6.506261100E1,2.549045376E1,1.651675369E1,3.400000000E1,7.210000038E0,8.900000000E1,8.709963223E-1,2.000000000E0,1.000000000E2,1.900000000E1
1.942187844E2,6.506261024E1,2.549060530E1,1.551677114E1,3.300000000E1,7.269999981E0,9.309999847E1,8.780675391E-1,2.000000000E0,1.000000000E2,1.800000000E1
1.952004309E2,6.506260693E1,2.549075592E1,1.551678941E1,3.300000000E1,7.250000000E0,9.050000000E1,8.855675016E-1,2.000000000E0,1.000000000E2,1.900000000E1
1.962099276E2,6.506260228E1,2.549091551E1,1.551680918E1,3.300000000E1,7.460000038E0,8.909999847E1,8.933796829E-1,2.000000000E0,1.000000000E2,1.800000000E1
1.972147174E2,6.506260613E1,2.549108190E1,1.551682665E1,3.300000000E1,7.579999924E0,8.819999695E1,9.008894654E-1,2.000000000E0,1.000000000E2,1.900000000E1
1.981952968E2,6.506261305E1,2.549124124E1,1.551684221E1,3.300000000E1,7.739999771E0,9.050000000E1,9.085188667E-1,2.000000000E0,1.000000000E2,1.600000000E1
1.992106442E2,6.506261573E1,2.549140384E1,1.451685967E1,3.200000000E1,7.769999981E0,9.040000153E1,9.166333161E-1,2.000000000E0,1.000000000E2,1.700000000E1
2.002177671E2,6.506261887E1,2.549157676E1,1.451687813E1,3.200000000E1,8.039999962E0,8.859999847E1,9.247206394E-1,2.000000000E0,1.000000000E2,1.800000000E1
2.012125091E2,6.506262529E1,2.549174859E1,1.451689530E1,3.200000000E1,8.109999657E0,8.890000153E1,9.328383699E-1,2.000000000E0,1.000000000E2,1.800000000E1
2.022115615E2,6.506262726E1,2.549192168E1,1.451691421E1,3.200000000E1,8.119999886E0,8.940000153E1,9.408946860E-1,2.000000000E0,1.000000000E2,1.800000000E1
2.032053550E2,6.506262646E1,2.549209351E1,1.451693397E1,3.200000000E1,8.139999390E0,9.040000153E1,9.490936987E-1,2.000000000E0,1.000000000E2,1.800000000E1
2.042161886E2,6.506262290E1,2.549226819E1,1.451695506E1,3.200000000E1,8.130000114E0,9.009999847E1,9.571582991E-1,2.000000000E0,1.000000000E2,1.800000000E1
2.052208704E2,6.506262181E1,2.549244018E1,1.451697495E1,3.200000000E1,7.710000038E0,9.069999695E1,9.649198090E-1,2.000000000E0,1.000000000E2,1.800000000E1
2.062267230E2,6.506262110E1,2.549260573E1,1.351699397E1,3.100000000E1,7.579999924E0,8.750000000E1,9.726628878E-1,2.000000000E0,1.000000000E2,1.800000000E1
2.072286402E2,6.506262252E1,2.549277085E1,1.351701217E1,3.100000000E1,7.259999752E0,8.730000305E1,9.797885809E-1,2.000000000E0,1.000000000E2,1.700000000E1
2.082133298E2,6.506262369E1,2.549292281E1,1.351702897E1,3.100000000E1,7.179999828E0,8.900000000E1,9.870351156E-1,2.000000000E0,1.000000000E2,1.800000000E1
2.092035899E2,6.506263254E1,2.549307595E1,1.351704315E1,3.100000000E1,7.099999905E0,8.919999695E1,9.944033982E-1,2.000000000E0,1.000000000E2,1.800000000E1
2.102098779E2,6.506263212E1,2.549323311E1,1.351706112E1,3.100000000E1,6.899999619E0,8.730000305E1,1.001254150E0,2.000000000E0,1.000000000E2,1.800000000E1
2.112200638E2,6.506263333E1,2.549337921E1,1.351707724E1,3.100000000E1,6.649999619E0,9.119999695E1,1.008236982E0,2.000000000E0,1.000000000E2,1.700000000E1
2.121973156E2,6.506263539E1,2.549352807E1,1.351709338E1,3.100000000E1,6.819999695E0,8.809999847E1,1.015089064E0,2.000000000E0,1.000000000E2,1.800000000E1
2.132186349E2,6.506263711E1,2.549367417E1,1.351710933E1,3.100000000E1,6.779999733E0,8.959999847E1,1.021816765E0,2.000000000E0,1.000000000E2,1.800000000E1
2.142152092E2,6.506263677E1,2.549381766E1,1.351712571E1,3.100000000E1,6.759999752E0,9.000000000E1,1.028556580E0,2.000000000E0,1.000000000E2,1.800000000E1
2.152427255E2,6.506263459E1,2.549396133E1,1.351714278E1,3.100000000E1,6.699999809E0,9.050000000E1,1.035048425E0,2.000000000E0,1.000000000E2,1.800000000E1
2.162161744E2,6.506263442E1,2.549409980E1,1.351715854E1,3.100000000E1,6.829999924E0,8.900000000E1,1.041779437E0,2.000000000E0,1.000000000E2,1.700000000E1
2.172021876E2,6.506263635E1,2.549424330E1,1.351717412E1,3.100000000E1,6.670000076E0,9.100000000E1,1.048266491E0,2.000000000E0,1.000000000E2,1.800000000E1
2.182167672E2,6.506263815E1,2.549438160E1,1.351718915E1,3.100000000E1,6.649999619E0,9.130000305E1,1.054638697E0,2.000000000E0,1.000000000E2,1.700000000E1
2.192133928E2,6.506263664E1,2.549451747E1,1.351720509E1,3.100000000E1,6.690000057E0,9.100000000E1,1.061421225E0,2.000000000E0,1.000000000E2,1.800000000E1
2.202092101E2,6.506263870E1,2.549466206E1,1.251722075E1,3.000000000E1,6.759999752E0,8.919999695E1,1.068054831E0,2.000000000E0,1.000000000E2,1.800000000E1
2.212026523E2,6.506263928E1,2.549480354E1,1.351723658E1,3.100000000E1,6.719999790E0,8.940000153E1,1.075058398E0,2.000000000E0,1.000000000E2,1.800000000E1
2.222179188E2,6.506263828E1,2.549495291E1,1.251725387E1,3.000000000E1,6.730000019E0,8.950000000E1,1.081888327E0,2.000000000E0,1.000000000E2,1.800000000E1
2.232233859E2,6.506263530E1,2.549509842E1,1.251727143E1,3.000000000E1,6.829999924E0,9.019999695E1,1.088459467E0,2.000000000E0,1.000000000E2,1.800000000E1
2.242194779E2,6.506263618E1,2.549523856E1,1.251728701E1,3.000000000E1,6.809999943E0,9.069999695E1,1.095316251E0,1.500000000E0,1.000000000E2,1.800000000E1
2.251889463E2,6.506263208E1,2.549538449E1,1.251730502E1,3.000000000E1,6.829999924E0,9.259999847E1,1.101985211E0,1.500000000E0,1.000000000E2,1.800000000E1
2.262306465E2,6.506262994E1,2.549552665E1,1.251732190E1,3.000000000E1,6.969999790E0,8.940000153E1,1.108791430E0,1.500000000E0,1.000000000E2,1.800000000E1
2.271676992E2,6.506263011E1,2.549567183E1,1.251733830E1,3.000000000E1,6.989999771E0,8.980000305E1,1.115438865E0,2.000000000E0,1.000000000E2,1.800000000E1
2.282027998E2,6.506263170E1,2.549581356E1,1.251735379E1,3.000000000E1,7.129999638E0,8.800000000E1,1.122312129E0,2.000000000E0,1.000000000E2,1.900000000E1
2.292187255E2,6.506263224E1,2.549596016E1,1.251737022E1,3.000000000E1,7.199999809E0,8.800000000E1,1.129402305E0,1.500000000E0,1.000000000E2,1.800000000E1
2.302098531E2,6.506262986E1,2.549611129E1,1.251738820E1,3.000000000E1,7.139999866E0,9.130000305E1,1.136315037E0,2.000000000E0,1.000000000E2,1.900000000E1
2.312186180E2,6.506262512E1,2.549625831E1,1.251740656E1,3.000000000E1,7.190000057E0,9.180000305E1,1.143464767E0,2.000000000E0,1.000000000E2,1.900000000E1
2.322145845E2,6.506262650E1,2.549641077E1,1.251742335E1,3.000000000E1,7.029999733E0,8.350000000E1,1.150710663E0,2.000000000E0,1.000000000E2,1.900000000E1
2.332208776E2,6.506264440E1,2.549655939E1,1.251743381E1,3.000000000E1,6.949999809E0,7.000000000E1,1.157548946E0,2.000000000E0,1.000000000E2,1.900000000E1
2.341512956E2,6.506266565E1,2.549669626E1,1.251744175E1,3.000000000E1,6.789999962E0,6.819999695E1,1.164783042E0,2.000000000E0,1.000000000E2,1.900000000E1
2.352313812E2,6.506269201E1,2.549683733E1,1.151744834E1,2.900000000E1,7.359999657E0,6.120000076E1,1.171696818E0,2.500000000E0,1.000000000E2,1.900000000E1
2.362202508E2,6.506272239E1,2.549696599E1,1.151745210E1,2.900000000E1,7.099999905E0,5.520000076E1,1.178654065E0,2.000000000E0,1.000000000E2,1.900000000E1
2.372211641E2,6.506275768E1,2.549708853E1,1.151745342E1,2.900000000E1,6.889999866E0,5.379999924E1,1.185652717E0,2.500000000E0,1.000000000E2,1.900000000E1
2.382178524E2,6.506279640E1,2.549720622E1,1.151745297E1,2.900000000E1,6.739999771E0,4.779999924E1,1.192732143E0,2.500000000E0,1.000000000E2,1.900000000E1
2.392239288E2,6.506284573E1,2.549730169E1,1.151744623E1,2.900000000E1,7.269999981E0,4.009999847E1,1.199649606E0,2.500000000E0,1.000000000E2,1.900000000E1
2.402206981E2,6.506289355E1,2.549739607E1,1.151743991E1,2.900000000E1,7.159999847E0,4.000000000E1,1.207196673E0,2.500000000E0,1.000000000E2,1.900000000E1
2.412199013E2,6.506294770E1,2.549749313E1,1.151743166E1,2.900000000E1,6.819999695E0,3.509999847E1,1.214142340E0,2.500000000E0,1.000000000E2,1.900000000E1
2.422201620E2,6.506299937E1,2.549757636E1,1.151742271E1,2.900000000E1,6.789999962E0,3.359999847E1,1.220860142E0,2.500000000E0,1.000000000E2,1.800000000E1
2.432166346E2,6.506305029E1,2.549765348E1,1.151741335E1,2.900000000E1,7.159999847E0,2.900000000E1,1.228117745E0,2.500000000E0,1.000000000E2,1.900000000E1
2.441869986E2,6.506310611E1,2.549773369E1,1.151740261E1,2.900000000E1,6.989999771E0,3.070000076E1,1.235302969E0,2.500000000E0,1.000000000E2,1.900000000E1
2.452123487E2,6.506316152E1,2.549781256E1,1.251739186E1,3.000000000E1,7.039999962E0,3.000000000E1,1.242235893E0,2.500000000E0,1.000000000E2,1.800000000E1
2.462115196E2,6.506321399E1,2.549789244E1,1.251738228E1,3.000000000E1,7.009999752E0,3.220000076E1,1.249441198E0,2.000000000E0,1.000000000E2,1.800000000E1
2.472167866E2,6.506326994E1,2.549796998E1,1.251737121E1,3.000000000E1,6.940000057E0,3.150000000E1,1.256365348E0,2.000000000E0,1.000000000E2,1.900000000E1
2.482240706E2,6.506332417E1,2.549804256E1,1.251736019E1,3.000000000E1,6.730000019E0,3.100000000E1,1.262887669E0,2.000000000E0,1.000000000E2,1.900000000E1
2.492255070E2,6.506337421E1,2.549811515E1,1.151735067E1,2.900000000E1,6.659999847E0,2.979999924E1,1.269442553E0,2.000000000E0,1.000000000E2,1.900000000E1
2.502137458E2,6.506342626E1,2.549818078E1,1.151733964E1,2.900000000E1,6.589999676E0,2.889999962E1,1.275806422E0,2.000000000E0,1.000000000E2,1.900000000E1
2.512465082E2,6.506347655E1,2.549824557E1,1.151732915E1,2.900000000E1,6.449999809E0,3.220000076E1,1.282398411E0,2.000000000E0,1.000000000E2,1.800000000E1
2.522197019E2,6.506352735E1,2.549831808E1,1.151731937E1,2.900000000E1,6.329999924E0,3.029999924E1,1.289048901E0,2.000000000E0,1.000000000E2,1.800000000E1
2.532267851E2,6.506357793E1,2.549839376E1,1.151731003E1,2.900000000E1,6.329999924E0,3.150000000E1,1.295132970E0,2.000000000E0,1.000000000E2,1.900000000E1
2.542232011E2,6.506362441E1,2.549846224E1,1.251730133E1,3.000000000E1,6.159999847E0,2.689999962E1,1.301435089E0,2.000000000E0,1.000000000E2,1.900000000E1
2.552309851E2,6.506367600E1,2.549851790E1,1.251728936E1,3.000000000E1,5.929999828E0,2.160000038E1,1.307425084E0,2.000000000E0,1.000000000E2,1.900000000E1
2.562284976E2,6.506372524E1,2.549856970E1,1.251727779E1,3.000000000E1,6.230000019E0,2.350000000E1,1.313894841E0,2.000000000E0,1.000000000E2,1.900000000E1
2.572374833E2,6.506377822E1,2.549862678E1,1.251726550E1,3.000000000E1,6.339999676E0,2.379999924E1,1.320522593E0,2.000000000E0,1.000000000E2,1.900000000E1
2.582148141E2,6.506383283E1,2.549868344E1,1.251725258E1,3.000000000E1,6.379999638E0,2.370000076E1,1.327023464E0,2.500000000E0,1.000000000E2,1.900000000E1
2.592305818E2,6.506388563E1,2.549874295E1,1.351724064E1,3.100000000E1,6.420000076E0,2.550000000E1,1.333602969E0,2.500000000E0,1.000000000E2,1.800000000E1
2.602135820E2,6.506393861E1,2.549880548E1,1.251722899E1,3.000000000E1,6.639999866E0,2.570000076E1,1.340041150E0,2.000000000E0,1.000000000E2,1.900000000E1
2.612090231E2,6.506399041E1,2.549886684E1,1.251721763E1,3.000000000E1,6.739999771E0,2.600000000E1,1.346736482E0,2.000000000E0,1.000000000E2,1.900000000E1
2.622171635E2,6.506404338E1,2.549893473E1,1.251720660E1,3.000000000E1,6.659999847E0,2.479999924E1,1.353743850E0,2.500000000E0,1.000000000E2,1.900000000E1
2.632211597E2,6.506409912E1,2.549900447E1,1.251719481E1,3.000000000E1,6.929999828E0,2.700000000E1,1.361068652E0,2.500000000E0,1.000000000E2,1.900000000E1
2.642176364E2,6.506415679E1,2.549907999E1,1.251718301E1,3.000000000E1,6.809999943E0,2.760000038E1,1.367894796E0,2.500000000E0,1.000000000E2,1.900000000E1
2.652186905E2,6.506421030E1,2.549915132E1,1.251717220E1,3.000000000E1,6.859999657E0,2.860000038E1,1.375132813E0,2.500000000E0,1.000000000E2,1.900000000E1
2.662156430E2,6.506426504E1,2.549923489E1,1.251716238E1,3.000000000E1,6.960000038E0,3.309999847E1,1.381966135E0,2.500000000E0,1.000000000E2,1.900000000E1
2.672182215E2,6.506431843E1,2.549930706E1,1.251715173E1,3.000000000E1,6.969999790E0,3.429999924E1,1.388922298E0,2.500000000E0,1.000000000E2,1.900000000E1
2.682346010E2,6.506436918E1,2.549939381E1,1.151714369E1,2.900000000E1,6.859999657E0,3.479999924E1,1.395801364E0,2.500000000E0,1.000000000E2,1.900000000E1
2.692416648E2,6.506441725E1,2.549948618E1,1.251713726E1,3.000000000E1,6.739999771E0,3.509999847E1,1.402545981E0,2.500000000E0,1.000000000E2,2.000000000E1
2.702214722E2,6.506446465E1,2.549957595E1,1.251713078E1,3.000000000E1,6.440000057E0,3.579999924E1,1.409003596E0,2.500000000E0,1.000000000E2,2.000000000E1
2.712212632E2,6.506450933E1,2.549966396E1,1.251712507E1,3.000000000E1,6.549999714E0,4.050000000E1,1.415328667E0,2.000000000E0,1.000000000E2,1.900000000E1
2.722354680E2,6.506455183E1,2.549975364E1,1.151712032E1,2.900000000E1,6.529999733E0,4.079999924E1,1.421712866E0,2.500000000E0,1.000000000E2,2.000000000E1
2.732320554E2,6.506459411E1,2.549984576E1,1.151711594E1,2.900000000E1,6.679999828E0,4.300000000E1,1.428229847E0,2.500000000E0,1.000000000E2,2.100000000E1
2.742316218E2,6.506463523E1,2.549994484E1,1.151711278E1,2.900000000E1,6.789999962E0,4.340000153E1,1.434593740E0,2.500000000E0,1.000000000E2,2.000000000E1
2.752403188E2,6.506467588E1,2.550004039E1,1.151710172E1,2.900000000E1,6.750000000E0,4.390000153E1,1.441229809E0,2.500000000E0,1.000000000E2,2.000000000E1
2.762397478E2,6.506472273E1,2.550012806E1,1.151707858E1,2.900000000E1,6.559999943E0,3.579999924E1,1.447594897E0,3.000000000E0,1.000000000E2,2.100000000E1
2.772387135E2,6.506476368E1,2.550022295E1,1.051705700E1,2.800000000E1,6.029999733E0,4.409999847E1,1.453645829E0,2.500000000E0,1.000000000E2,2.100000000E1
2.782079491E2,6.506479725E1,2.550032454E1,9.517037538E0,2.700000000E1,6.139999866E0,4.750000000E1,1.459455242E0,3.000000000E0,1.000000000E2,1.900000000E1
2.791718089E2,6.506482487E1,2.550042973E1,9.517019914E0,2.700000000E1,5.469999790E0,5.609999847E1,1.465393697E0,3.000000000E0,1.000000000E2,2.000000000E1
2.801623385E2,6.506485068E1,2.550054062E1,8.517002507E0,2.600000000E1,5.589999676E0,6.000000000E1,1.471889606E0,3.000000000E0,1.000000000E2,1.900000000E1
2.812347322E2,6.506488077E1,2.550065939E1,8.516983006E0,2.600000000E1,5.719999790E0,5.709999847E1,1.477295858E0,3.000000000E0,1.000000000E2,2.100000000E1
2.822297893E2,6.506491313E1,2.550074548E1,8.516965149E0,2.600000000E1,5.579999924E0,4.520000076E1,1.482333600E0,3.000000000E0,1.000000000E2,2.000000000E1
2.832266482E2,6.506494246E1,2.550082737E1,8.516948675E0,2.600000000E1,4.969999790E0,5.140000153E1,1.487040195E0,3.000000000E0,1.000000000E2,2.100000000E1
2.842436246E2,6.506494787E1,2.550092694E1,9.516939340E0,2.700000000E1,4.170000076E0,6.459999847E1,1.492272288E0,3.000000000E0,1.000000000E2,2.100000000E1
2.852425896E2,6.506493396E1,2.550103356E1,9.516936304E0,2.700000000E1,4.309999943E0,9.880000305E1,1.497389418E0,3.000000000E0,1.000000000E2,2.100000000E1
2.862300053E2,6.506490894E1,2.550112518E1,9.516938307E0,2.700000000E1,4.650000095E0,1.243000031E2,1.502947749E0,3.000000000E0,1.000000000E2,2.100000000E1
2.872363996E2,6.506487818E1,2.550121863E1,9.516942196E0,2.700000000E1,5.589999676E0,1.335000000E2,1.508513929E0,3.000000000E0,1.000000000E2,2.100000000E1
2.882279601E2,6.506484381E1,2.550130497E1,9.516947884E0,2.700000000E1,5.619999886E0,1.338000031E2,1.514023790E0,2.500000000E0,1.000000000E2,2.100000000E1
2.892063535E2,6.506480844E1,2.550138728E1,9.516954223E0,2.700000000E1,5.789999962E0,1.313000031E2,1.519746924E0,2.500000000E0,1.000000000E2,1.900000000E1
2.902007572E2,6.506477273E1,2.550147520E1,9.516960256E0,2.700000000E1,5.849999905E0,1.291000061E2,1.525672166E0,3.000000000E0,1.000000000E2,2.100000000E1
2.912127478E2,6.506473572E1,2.550156615E1,9.516966516E0,2.700000000E1,5.839999676E0,1.313999939E2,1.531880880E0,2.500000000E0,1.000000000E2,2.100000000E1
2.922178568E2,6.506469474E1,2.550165609E1,8.516974251E0,2.600000000E1,6.009999752E0,1.318000031E2,1.538066857E0,2.500000000E0,1.000000000E2,2.100000000E1
2.932279009E2,6.506465622E1,2.550175130E1,8.516980713E0,2.600000000E1,6.049999714E0,1.290000000E2,1.544076848E0,2.500000000E0,1.000000000E2,2.000000000E1
2.942262595E2,6.506461930E1,2.550184493E1,8.516986727E0,2.600000000E1,5.719999790E0,1.235000000E2,1.549860892E0,2.500000000E0,1.000000000E2,2.100000000E1
2.952006451E2,6.506458820E1,2.550194384E1,8.516990287E0,2.600000000E1,5.750000000E0,1.221999969E2,1.555694010E0,2.500000000E0,1.000000000E2,2.100000000E1
2.962347826E2,6.506455920E1,2.550204752E1,8.516992747E0,2.600000000E1,5.589999676E0,1.230999985E2,1.561428626E0,2.500000000E0,1.000000000E2,2.100000000E1
2.972178518E2,6.506453150E1,2.550215070E1,8.516994781E0,2.600000000E1,5.259999752E0,1.198000031E2,1.567128319E0,2.000000000E0,1.000000000E2,2.100000000E1
2.982105935E2,6.506450765E1,2.550225832E1,8.516995120E0,2.600000000E1,5.309999943E0,1.180999985E2,1.573197241E0,2.000000000E0,1.000000000E2,2.100000000E1
2.991907812E2,6.506448506E1,2.550237617E1,8.516994246E0,2.600000000E1,5.829999924E0,1.151999969E2,1.579129380E0,2.000000000E0,1.000000000E2,2.000000000E1
3.002072135E2,6.506446147E1,2.550248967E1,9.516994048E0,2.700000000E1,5.699999809E0,1.119000015E2,1.585195980E0,2.000000000E0,1.000000000E2,2.100000000E1
3.012151704E2,6.506444030E1,2.550260894E1,1.051699256E1,2.800000000E1,5.859999657E0,1.098000031E2,1.591252454E0,2.000000000E0,1.000000000E2,2.100000000E1
3.022154191E2,6.506442823E1,2.550273492E1,1.051698736E1,2.800000000E1,5.879999638E0,1.020000000E2,1.597493272E0,2.000000000E0,1.000000000E2,2.100000000E1
3.032041024E2,6.506442157E1,2.550286710E1,1.051697979E1,2.800000000E1,6.059999943E0,9.630000305E1,1.604805914E0,2.000000000E0,1.000000000E2,2.000000000E1
3.041887310E2,6.506442145E1,2.550302309E1,1.051696814E1,2.800000000E1,6.739999771E0,8.969999695E1,1.612127293E0,2.000000000E0,1.000000000E2,2.100000000E1
3.052160499E2,6.506441906E1,2.550317916E1,1.051695728E1,2.800000000E1,6.509999752E0,9.150000000E1,1.619074826E0,2.000000000E0,1.000000000E2,2.100000000E1
3.062183707E2,6.506441432E1,2.550332693E1,1.051694786E1,2.800000000E1,6.440000057E0,9.209999847E1,1.625703401E0,1.500000000E0,1.000000000E2,2.100000000E1
3.072133637E2,6.506440933E1,2.550346783E1,1.051693905E1,2.800000000E1,6.429999828E0,9.069999695E1,1.632131719E0,1.500000000E0,1.000000000E2,2.100000000E1
3.082124082E2,6.506441130E1,2.550360488E1,1.051692808E1,2.800000000E1,6.489999771E0,9.069999695E1,1.638313188E0,1.500000000E0,1.000000000E2,1.900000000E1
3.092254048E2,6.506441202E1,2.550373673E1,1.051691795E1,2.800000000E1,6.150000095E0,8.769999695E1,1.644613909E0,2.000000000E0,1.000000000E2,1.900000000E1
3.102106878E2,6.506441340E1,2.550387109E1,1.051690739E1,2.800000000E1,6.440000057E0,8.669999695E1,1.650782895E0,2.000000000E0,1.000000000E2,2.000000000E1
3.111932645E2,6.506441616E1,2.550400252E1,1.051689656E1,2.800000000E1,6.170000076E0,8.780000305E1,1.656998135E0,2.000000000E0,1.000000000E2,1.900000000E1
3.121655902E2,6.506442048E1,2.550413470E1,1.051688513E1,2.800000000E1,6.429999828E0,8.590000153E1,1.663244555E0,2.000000000E0,1.000000000E2,1.900000000E1
3.132167873E2,6.506442522E1,2.550426747E1,1.051687352E1,2.800000000E1,6.349999905E0,8.659999847E1,1.668812415E0,2.000000000E0,1.000000000E2,1.900000000E1
3.141975046E2,6.506442941E1,2.550438582E1,1.051686318E1,2.800000000E1,6.150000095E0,8.140000153E1,1.674613612E0,2.000000000E0,1.000000000E2,2.000000000E1
3.152475559E2,6.506443804E1,2.550450786E1,1.051685100E1,2.800000000E1,6.119999886E0,8.269999695E1,1.680578788E0,2.000000000E0,1.000000000E2,2.000000000E1
3.162401570E2,6.506444630E1,2.550463359E1,1.051683868E1,2.800000000E1,6.059999943E0,8.400000000E1,1.686672514E0,2.000000000E0,1.000000000E2,1.900000000E1
3.172425836E2,6.506445481E1,2.550476200E1,1.051682608E1,2.800000000E1,5.980000019E0,8.180000305E1,1.692707488E0,2.000000000E0,1.000000000E2,2.000000000E1
3.182285185E2,6.506446918E1,2.550488614E1,1.051681174E1,2.800000000E1,6.159999847E0,7.419999695E1,1.698718233E0,2.000000000E0,1.000000000E2,1.800000000E1
3.192182415E2,6.506448837E1,2.550500600E1,1.051679604E1,2.800000000E1,5.769999981E0,6.609999847E1,1.704088569E0,2.000000000E0,1.000000000E2,2.000000000E1
3.202145820E2,6.506450640E1,2.550511228E1,1.051678177E1,2.800000000E1,5.329999924E0,6.650000000E1,1.709336454E0,2.000000000E0,1.000000000E2,2.000000000E1
3.212205738E2,6.506452010E1,2.550521940E1,1.051676895E1,2.800000000E1,5.329999924E0,7.169999695E1,1.714311973E0,2.000000000E0,1.000000000E2,2.000000000E1
3.222200227E2,6.506453087E1,2.550532241E1,1.051675747E1,2.800000000E1,5.139999866E0,7.359999847E1,1.719119974E0,2.500000000E0,1.000000000E2,2.000000000E1
3.232100723E2,6.506453896E1,2.550542316E1,1.051674709E1,2.800000000E1,4.799999714E0,7.659999847E1,1.723445808E0,2.000000000E0,1.000000000E2,2.000000000E1
3.242105454E2,6.506454512E1,2.550551428E1,1.051673812E1,2.800000000E1,4.880000114E0,8.169999695E1,1.728227488E0,2.000000000E0,1.000000000E2,1.900000000E1
3.252185278E2,6.506454898E1,2.550561586E1,1.051672916E1,2.800000000E1,4.880000114E0,8.669999695E1,1.732912937E0,2.000000000E0,1.000000000E2,2.000000000E1
3.262185681E2,6.506455216E1,2.550571552E1,1.051672059E1,2.800000000E1,4.759999752E0,8.380000305E1,1.737524655E0,2.000000000E0,1.000000000E2,2.000000000E1
3.271556939E2,6.506455773E1,2.550581301E1,1.051671134E1,2.800000000E1,4.750000000E0,8.380000305E1,1.742515007E0,2.000000000E0,1.000000000E2,1.800000000E1
3.282222970E2,6.506456172E1,2.550591904E1,1.051670201E1,2.800000000E1,4.900000095E0,8.419999695E1,1.748658846E0,2.000000000E0,1.000000000E2,2.000000000E1
3.292299833E2,6.506457995E1,2.550604275E1,1.051668638E1,2.800000000E1,6.029999733E0,6.850000000E1,1.755220519E0,2.000000000E0,1.000000000E2,1.900000000E1
3.302088056E2,6.506460694E1,2.550616723E1,9.516667643E0,2.700000000E1,5.900000095E0,6.320000076E1,1.762228149E0,2.000000000E0,1.000000000E2,2.000000000E1
3.312405493E2,6.506463506E1,2.550630100E1,9.516647818E0,2.700000000E1,6.519999981E0,5.670000076E1,1.769422771E0,2.000000000E0,1.000000000E2,2.000000000E1
3.322229085E2,6.506466733E1,2.550643402E1,9.516626607E0,2.700000000E1,6.480000019E0,5.690000153E1,1.776319045E0,2.000000000E0,1.000000000E2,1.800000000E1
3.332298719E2,6.506470010E1,2.550655891E1,9.516605836E0,2.700000000E1,6.319999695E0,5.120000076E1,1.781814679E0,2.000000000E0,1.000000000E2,1.900000000E1
3.342281791E2,6.506473581E1,2.550663996E1,8.516587324E0,2.600000000E1,5.150000095E0,4.120000076E1,1.786116636E0,2.000000000E0,1.000000000E2,1.700000000E1
3.352142994E2,6.506476980E1,2.550668380E1,8.516572196E0,2.600000000E1,3.500000000E0,3.359999847E1,1.789544486E0,2.000000000E0,1.000000000E2,1.300000000E1
3.361946446E2,6.506479528E1,2.550672496E1,8.516560237E0,2.600000000E1,3.169999838E0,3.200000000E1,1.792279352E0,2.500000000E0,1.000000000E2,9.000000000E0
3.372002223E2,6.506481510E1,2.550675949E1,8.516550747E0,2.600000000E1,2.589999914E0,2.960000038E1,1.795145698E0,3.000000000E0,1.000000000E2,7.000000000E0
3.382114380E2,6.506483585E1,2.550679578E1,8.516540805E0,2.600000000E1,2.759999990E0,3.170000076E1,1.797990581E0,3.500000000E0,1.000000000E2,1.000000000E1
3.392187146E2,6.506485651E1,2.550683158E1,8.516530931E0,2.600000000E1,2.669999838E0,3.920000076E1,1.801025016E0,3.500000000E0,1.000000000E2,1.700000000E1
3.402237522E2,6.506487591E1,2.550687709E1,8.516520771E0,2.600000000E1,2.829999924E0,3.770000076E1,1.803871434E0,3.000000000E0,1.000000000E2,1.800000000E1
3.412269466E2,6.506489817E1,2.550690710E1,8.516510775E0,2.600000000E1,2.980000019E0,2.920000076E1,1.806505066E0,3.000000000E0,1.000000000E2,2.000000000E1
3.422213281E2,6.506491866E1,2.550693526E1,7.516501532E0,2.500000000E1,2.549999952E0,3.450000000E1,1.808881606E0,3.000000000E0,1.000000000E2,2.000000000E1
3.432265072E2,6.506493567E1,2.550696594E1,7.516493315E0,2.500000000E1,2.339999914E0,4.070000076E1,1.811036087E0,3.000000000E0,1.000000000E2,2.100000000E1
3.442174916E2,6.506495013E1,2.550699653E1,7.516485995E0,2.500000000E1,2.440000057E0,4.059999847E1,1.813435829E0,3.000000000E0,1.000000000E2,2.000000000E1
3.452207238E2,6.506496782E1,2.550702587E1,7.516477645E0,2.500000000E1,2.409999847E0,3.820000076E1,1.816373979E0,2.500000000E0,1.000000000E2,2.000000000E1
3.462198207E2,6.506499003E1,2.550705981E1,8.516467376E0,2.600000000E1,2.299999952E0,3.609999847E1,1.818733074E0,2.500000000E0,1.000000000E2,2.000000000E1
3.472243588E2,6.506500579E1,2.550709351E1,8.516459375E0,2.600000000E1,2.309999943E0,3.459999847E1,1.821105525E0,2.500000000E0,1.000000000E2,2.100000000E1
3.482171591E2,6.506502251E1,2.550712494E1,8.516451207E0,2.600000000E1,2.289999962E0,3.420000076E1,1.823678640E0,2.500000000E0,1.000000000E2,2.100000000E1
3.492348833E2,6.506504284E1,2.550715118E1,8.516442172E0,2.600000000E1,2.859999895E0,2.579999924E1,1.826375962E0,2.500000000E0,1.000000000E2,2.100000000E1
3.501974394E2,6.506506446E1,2.550717724E1,8.516432698E0,2.600000000E1,2.619999886E0,1.960000038E1,1.829395156E0,2.500000000E0,1.000000000E2,2.100000000E1
3.512138607E2,6.506508973E1,2.550720080E1,8.516422142E0,2.600000000E1,2.659999847E0,1.860000038E1,1.832349056E0,2.500000000E0,1.000000000E2,2.100000000E1
3.522183197E2,6.506511304E1,2.550723106E1,8.516411774E0,2.600000000E1,2.960000038E0,2.410000038E1,1.835906461E0,2.500000000E0,1.000000000E2,2.000000000E1
3.532237215E2,6.506514329E1,2.550725570E1,9.516399402E0,2.700000000E1,3.359999895E0,1.450000000E1,1.839132202E0,3.000000000E0,1.000000000E2,2.000000000E1
3.542133892E2,6.506517058E1,2.550727908E1,9.516388161E0,2.700000000E1,2.970000029E0,1.380000019E1,1.841927543E0,2.500000000E0,1.000000000E2,2.100000000E1
3.552122248E2,6.506519308E1,2.550730566E1,9.516378348E0,2.700000000E1,2.929999828E0,1.960000038E1,1.845022371E0,2.500000000E0,1.000000000E2,2.000000000E1
3.562037738E2,6.506521877E1,2.550733105E1,9.516367514E0,2.700000000E1,3.009999990E0,2.329999924E1,1.848170383E0,2.500000000E0,1.000000000E2,2.000000000E1
3.572065734E2,6.506524417E1,2.550736072E1,9.516356466E0,2.700000000E1,2.980000019E0,2.160000038E1,1.851358556E0,2.500000000E0,1.000000000E2,2.000000000E1
3.582085216E2,6.506527036E1,2.550738839E1,9.516345291E0,2.700000000E1,3.009999990E0,2.089999962E1,1.854663072E0,2.500000000E0,1.000000000E2,2.000000000E1
3.592111470E2,6.506529639E1,2.550742242E1,1.051633370E1,2.800000000E1,3.269999981E0,2.550000000E1,1.858233419E0,2.500000000E0,1.000000000E2,2.000000000E1
3.602139952E2,6.506532568E1,2.550745360E1,1.051632119E1,2.800000000E1,3.579999924E0,2.460000038E1,1.861658677E0,2.500000000E0,1.000000000E2,2.100000000E1
3.612139884E2,6.506535443E1,2.550747983E1,1.051630923E1,2.800000000E1,3.359999895E0,1.800000000E1,1.865037265E0,2.500000000E0,1.000000000E2,2.100000000E1
3.622217275E2,6.506538419E1,2.550749442E1,1.051629779E1,2.800000000E1,3.470000029E0,1.960000038E1,1.868582781E0,2.500000000E0,1.000000000E2,2.100000000E1
3.632093745E2,6.506541487E1,2.550751504E1,1.051628559E1,2.800000000E1,3.399999857E0,1.910000038E1,1.872253609E0,2.500000000E0,1.000000000E2,2.100000000E1
3.642131109E2,6.506544546E1,2.550754446E1,1.051627276E1,2.800000000E1,3.220000029E0,1.489999962E1,1.875690742E0,2.500000000E0,1.000000000E2,2.100000000E1
3.652360867E2,6.506547484E1,2.550756725E1,1.051626084E1,2.800000000E1,3.189999819E0,1.569999981E1,1.878655835E0,2.500000000E0,1.000000000E2,2.100000000E1
3.661835464E2,6.506549986E1,2.550758913E1,1.051625051E1,2.800000000E1,2.960000038E0,2.060000038E1,1.881617671E0,2.500000000E0,1.000000000E2,2.100000000E1
3.672376321E2,6.506552580E1,2.550760346E1,1.151624042E1,2.900000000E1,2.839999914E0,1.469999981E1,1.884644779E0,2.500000000E0,1.000000000E2,2.100000000E1
3.682140640E2,6.506555158E1,2.550762425E1,1.151622991E1,2.900000000E1,3.029999971E0,2.210000038E1,1.887635416E0,2.500000000E0,1.000000000E2,2.100000000E1
3.692333612E2,6.506557568E1,2.550765258E1,1.151621943E1,2.900000000E1,3.079999924E0,2.450000000E1,1.891016245E0,2.500000000E0,1.000000000E2,2.100000000E1
3.702239266E2,6.506560522E1,2.550766960E1,1.151620789E1,2.900000000E1,3.379999876E0,1.710000038E1,1.894494592E0,2.500000000E0,1.000000000E2,2.100000000E1
3.712388927E2,6.506563544E1,2.550768879E1,1.151619596E1,2.900000000E1,3.449999809E0,1.620000076E1,1.898185394E0,2.500000000E0,1.000000000E2,2.100000000E1
3.722379150E2,6.506566540E1,2.550772266E1,1.151618302E1,2.900000000E1,3.639999866E0,2.260000038E1,1.902330932E0,2.500000000E0,1.000000000E2,2.000000000E1
3.732339572E2,6.506569914E1,2.550776029E1,1.151616850E1,2.900000000E1,4.039999962E0,2.270000076E1,1.907618074E0,2.500000000E0,1.000000000E2,1.900000000E1
3.742312028E2,6.506574532E1,2.550778711E1,1.151615046E1,2.900000000E1,4.279999733E0,2.529999924E1,1.912269713E0,2.000000000E0,1.000000000E2,2.000000000E1
3.752186065E2,6.506578304E1,2.550783003E1,1.251613416E1,3.000000000E1,4.630000114E0,2.779999924E1,1.917089895E0,2.000000000E0,1.000000000E2,1.900000000E1
3.762170217E2,6.506582051E1,2.550788174E1,1.251611731E1,3.000000000E1,4.819999695E0,3.429999924E1,1.922582255E0,2.000000000E0,1.000000000E2,2.000000000E1
3.772211052E2,6.506585970E1,2.550795307E1,1.251609842E1,3.000000000E1,4.989999771E0,3.870000076E1,1.927878234E0,2.000000000E0,1.000000000E2,2.000000000E1
3.782122128E2,6.506589607E1,2.550802600E1,1.251608039E1,3.000000000E1,4.880000114E0,3.690000153E1,1.933241289E0,2.000000000E0,1.000000000E2,2.000000000E1
3.792306560E2,6.506593568E1,2.550809129E1,1.251606180E1,3.000000000E1,4.889999866E0,3.590000153E1,1.938377763E0,2.000000000E0,1.000000000E2,2.000000000E1
3.802187478E2,6.506597264E1,2.550815701E1,1.251604411E1,3.000000000E1,4.809999943E0,3.409999847E1,1.943253737E0,2.000000000E0,1.000000000E2,2.000000000E1
3.812203047E2,6.506600843E1,2.550821710E1,1.251602724E1,3.000000000E1,4.659999847E0,3.079999924E1,1.948128020E0,2.000000000E0,1.000000000E2,1.900000000E1
3.822161589E2,6.506604632E1,2.550826941E1,1.251601022E1,3.000000000E1,4.610000134E0,3.100000000E1,1.952520524E0,2.000000000E0,1.000000000E2,2.000000000E1
3.832207262E2,6.506607876E1,2.550832288E1,1.251599501E1,3.000000000E1,4.239999771E0,3.940000153E1,1.957038825E0,2.000000000E0,1.000000000E2,2.000000000E1
3.842121278E2,6.506610013E1,2.550840486E1,1.251598155E1,3.000000000E1,4.089999676E0,5.809999847E1,1.961509297E0,2.000000000E0,1.000000000E2,2.000000000E1
3.852346905E2,6.506610927E1,2.550849773E1,1.251597153E1,3.000000000E1,4.440000057E0,8.040000153E1,1.965538223E0,2.000000000E0,1.000000000E2,2.000000000E1
3.862195926E2,6.506610365E1,2.550858264E1,1.351596723E1,3.100000000E1,4.420000076E0,9.900000000E1,1.968906912E0,2.500000000E0,1.000000000E2,2.000000000E1
3.872099570E2,6.506609678E1,2.550865263E1,1.351596446E1,3.100000000E1,4.230000019E0,1.050999985E2,1.972599076E0,2.000000000E0,1.000000000E2,2.000000000E1
3.882176176E2,6.506610042E1,2.550873091E1,1.351595743E1,3.100000000E1,4.559999943E0,1.040000000E2,1.977974835E0,2.500000000E0,1.000000000E2,2.000000000E1
3.891808169E2,6.506613311E1,2.550881540E1,1.451593987E1,3.200000000E1,5.000000000E0,4.759999847E1,1.983644573E0,2.000000000E0,1.000000000E2,2.000000000E1
3.901586132E2,6.506617242E1,2.550889243E1,1.451592055E1,3.200000000E1,5.049999714E0,3.379999924E1,1.988950328E0,2.000000000E0,1.000000000E2,2.000000000E1
3.912041158E2,6.506621127E1,2.550895815E1,1.451590224E1,3.200000000E1,4.949999809E0,3.240000153E1,1.993771627E0,2.500000000E0,1.000000000E2,1.900000000E1
3.921938324E2,6.506624669E1,2.550901749E1,1.451588559E1,3.200000000E1,4.769999981E0,3.100000000E1,1.998740597E0,2.000000000E0,1.000000000E2,1.800000000E1
3.932112520E2,6.506628277E1,2.550908002E1,1.351586848E1,3.100000000E1,4.839999676E0,3.189999962E1,2.003821694E0,2.500000000E0,1.000000000E2,2.000000000E1
3.942153892E2,6.506632049E1,2.550914121E1,1.351585090E1,3.100000000E1,4.929999828E0,3.570000076E1,2.008909969E0,2.000000000E0,1.000000000E2,2.000000000E1
3.952485434E2,6.506636227E1,2.550918547E1,1.351583316E1,3.100000000E1,5.089999676E0,3.120000076E1,2.014560808E0,2.500000000E0,1.000000000E2,1.900000000E1
3.962142887E2,6.506640682E1,2.550924347E1,1.351581346E1,3.100000000E1,5.000000000E0,2.979999924E1,2.019181537E0,2.000000000E0,1.000000000E2,2.000000000E1
3.972236831E2,6.506644153E1,2.550929770E1,1.351579745E1,3.100000000E1,4.170000076E0,2.829999924E1,2.023483718E0,2.000000000E0,1.000000000E2,1.900000000E1
3.982146003E2,6.506647765E1,2.550933056E1,1.251578252E1,3.000000000E1,4.079999924E0,2.829999924E1,2.027313787E0,2.000000000E0,1.000000000E2,2.000000000E1
3.991930974E2,6.506651068E1,2.550935377E1,1.251576937E1,3.000000000E1,3.869999886E0,2.650000000E1,2.031020805E0,2.000000000E0,1.000000000E2,1.900000000E1
4.002028707E2,6.506654182E1,2.550938202E1,1.251575651E1,3.000000000E1,3.399999857E0,2.729999924E1,2.034206273E0,2.500000000E0,1.000000000E2,2.000000000E1
4.012324198E2,6.506656834E1,2.550940767E1,1.251574543E1,3.000000000E1,3.730000019E0,2.629999924E1,2.038234599E0,2.500000000E0,1.000000000E2,2.000000000E1
4.022217081E2,6.506660007E1,2.550944916E1,1.251573140E1,3.000000000E1,4.239999771E0,2.639999962E1,2.043570190E0,2.500000000E0,1.000000000E2,2.000000000E1
4.032193926E2,6.506663682E1,2.550952233E1,1.251571330E1,3.000000000E1,4.480000019E0,3.640000153E1,2.048231242E0,2.500000000E0,1.000000000E2,2.000000000E1
4.042303451E2,6.506666939E1,2.550958495E1,1.251569744E1,3.000000000E1,4.690000057E0,3.429999924E1,2.053599857E0,2.000000000E0,1.000000000E2,2.000000000E1
4.052448206E2,6.506671000E1,2.550964689E1,1.251567884E1,3.000000000E1,4.839999676E0,3.200000000E1,2.058729383E0,2.000000000E0,1.000000000E2,2.000000000E1
4.061909847E2,6.506674923E1,2.550970447E1,1.251566104E1,3.000000000E1,4.949999809E0,3.200000000E1,2.064144744E0,2.000000000E0,1.000000000E2,2.000000000E1
4.072155042E2,6.506679130E1,2.550976264E1,1.251564222E1,3.000000000E1,5.069999695E0,2.929999924E1,2.069716721E0,2.000000000E0,1.000000000E2,1.900000000E1
4.082156085E2,6.506683539E1,2.550981914E1,1.351562282E1,3.100000000E1,5.059999943E0,2.920000076E1,2.075164076E0,2.000000000E0,1.000000000E2,2.000000000E1
4.092168767E2,6.506687738E1,2.550987898E1,1.351560391E1,3.100000000E1,5.059999943E0,3.070000076E1,2.080428356E0,2.000000000E0,1.000000000E2,2.000000000E1
4.101862577E2,6.506691230E1,2.550995484E1,1.351558629E1,3.100000000E1,5.329999924E0,4.429999924E1,2.085750219E0,2.000000000E0,1.000000000E2,1.900000000E1
4.111837481E2,6.506693916E1,2.551004880E1,1.351557013E1,3.100000000E1,5.099999905E0,5.529999924E1,2.091791628E0,2.500000000E0,1.000000000E2,2.000000000E1
4.122012046E2,6.506696829E1,2.551015760E1,1.351555212E1,3.100000000E1,5.339999676E0,5.609999847E1,2.097472803E0,2.500000000E0,1.000000000E2,1.900000000E1
4.132171639E2,6.506699637E1,2.551025885E1,1.351553502E1,3.100000000E1,5.349999905E0,5.520000076E1,2.102764682E0,2.500000000E0,1.000000000E2,1.900000000E1
4.142227406E2,6.506702306E1,2.551035231E1,1.351551897E1,3.100000000E1,5.190000057E0,5.209999847E1,2.108498910E0,2.500000000E0,1.000000000E2,2.000000000E1
4.152356751E2,6.506705370E1,2.551045071E1,1.351550120E1,3.100000000E1,5.239999771E0,5.409999847E1,2.113639195E0,2.500000000E0,1.000000000E2,1.900000000E1
4.162177239E2,6.506708094E1,2.551053931E1,1.351548533E1,3.100000000E1,5.099999905E0,5.320000076E1,2.118233298E0,2.500000000E0,1.000000000E2,1.900000000E1
4.171925342E2,6.506710684E1,2.551061567E1,1.351547081E1,3.100000000E1,5.210000038E0,5.329999924E1,2.123492134E0,2.500000000E0,1.000000000E2,1.900000000E1
4.182186202E2,6.506713257E1,2.551070980E1,1.351545506E1,3.100000000E1,5.190000057E0,5.570000076E1,2.128699613E0,3.000000000E0,1.000000000E2,1.900000000E1
4.192346671E2,6.506715646E1,2.551080535E1,1.351543985E1,3.100000000E1,5.130000114E0,5.709999847E1,2.134315008E0,3.000000000E0,1.000000000E2,1.900000000E1
4.202269342E2,6.506718056E1,2.551091063E1,1.351542387E1,3.100000000E1,4.980000019E0,5.829999924E1,2.139878275E0,2.500000000E0,1.000000000E2,1.900000000E1
4.211613964E2,6.506720331E1,2.551101632E1,1.351540831E1,3.100000000E1,4.940000057E0,5.679999924E1,2.145153497E0,2.500000000E0,1.000000000E2,1.900000000E1
4.222176662E2,6.506722838E1,2.551111188E1,1.251539271E1,3.000000000E1,4.920000076E0,5.420000076E1,2.150513849E0,2.500000000E0,1.000000000E2,1.900000000E1
4.231596718E2,6.506725507E1,2.551120710E1,1.351537657E1,3.100000000E1,4.819999695E0,5.220000076E1,2.155202729E0,2.500000000E0,1.000000000E2,1.900000000E1
4.242116902E2,6.506727569E1,2.551129435E1,1.351536311E1,3.100000000E1,4.829999924E0,5.229999924E1,2.159775468E0,2.500000000E0,1.000000000E2,1.900000000E1
4.252365435E2,6.506730088E1,2.551137147E1,1.351534881E1,3.100000000E1,4.759999752E0,5.059999847E1,2.164492256E0,2.500000000E0,1.000000000E2,1.800000000E1
4.262330805E2,6.506732691E1,2.551145093E1,1.351533406E1,3.100000000E1,4.799999714E0,5.300000000E1,2.169106195E0,2.500000000E0,1.000000000E2,1.900000000E1
4.271930959E2,6.506735100E1,2.551153106E1,1.451531992E1,3.200000000E1,4.819999695E0,5.370000076E1,2.173768524E0,2.500000000E0,1.000000000E2,1.900000000E1
4.282146612E2,6.506737632E1,2.551161035E1,1.451530543E1,3.200000000E1,5.079999924E0,5.220000076E1,2.178513648E0,2.500000000E0,1.000000000E2,1.900000000E1
4.292125317E2,6.506740071E1,2.551169341E1,1.451529099E1,3.200000000E1,4.929999828E0,5.440000153E1,2.182996736E0,2.000000000E0,1.000000000E2,1.900000000E1
4.302349602E2,6.506742397E1,2.551177153E1,1.451527730E1,3.200000000E1,4.659999847E0,5.120000076E1,2.188010546E0,2.000000000E0,1.000000000E2,1.900000000E1
4.312405045E2,6.506745125E1,2.551185669E1,1.551526171E1,3.300000000E1,4.969999790E0,4.929999924E1,2.192929313E0,2.000000000E0,1.000000000E2,1.900000000E1
4.322245631E2,6.506747690E1,2.551194219E1,1.551524667E1,3.300000000E1,5.039999962E0,5.029999924E1,2.198264143E0,2.000000000E0,1.000000000E2,1.800000000E1
4.332345094E2,6.506750263E1,2.551203825E1,1.551523084E1,3.300000000E1,5.159999847E0,5.440000153E1,2.203506083E0,2.000000000E0,1.000000000E2,1.900000000E1
4.342339732E2,6.506752941E1,2.551213028E1,1.551521494E1,3.300000000E1,5.239999771E0,5.379999924E1,2.208322468E0,2.000000000E0,1.000000000E2,1.800000000E1
4.352322880E2,6.506755657E1,2.551221033E1,1.551519978E1,3.300000000E1,5.230000019E0,5.150000000E1,2.213174291E0,2.000000000E0,1.000000000E2,1.900000000E1
4.362361710E2,6.506758415E1,2.551229054E1,1.551518448E1,3.300000000E1,5.139999866E0,5.100000000E1,2.217984984E0,2.000000000E0,1.000000000E2,1.800000000E1
4.372234143E2,6.506761118E1,2.551237067E1,1.551516936E1,3.300000000E1,4.940000057E0,5.000000000E1,2.222205770E0,2.500000000E0,1.000000000E2,1.800000000E1
4.382231831E2,6.506763523E1,2.551244033E1,1.551515604E1,3.300000000E1,5.139999866E0,4.879999924E1,2.226879935E0,2.500000000E0,1.000000000E2,1.700000000E1
4.392165107E2,6.506766201E1,2.551251719E1,1.551514126E1,3.300000000E1,4.739999771E0,5.020000076E1,2.231813786E0,2.500000000E0,1.000000000E2,1.800000000E1
4.402178974E2,6.506768310E1,2.551260981E1,1.551512730E1,3.300000000E1,4.429999828E0,5.809999847E1,2.236358897E0,2.500000000E0,1.000000000E2,1.800000000E1
4.412198665E2,6.506768465E1,2.551270670E1,1.651511975E1,3.400000000E1,4.190000057E0,7.609999847E1,2.240272153E0,3.000000000E0,1.000000000E2,1.800000000E1
4.422082938E2,6.506768481E1,2.551279019E1,1.651511365E1,3.400000000E1,4.569999695E0,8.969999695E1,2.244341659E0,2.500000000E0,1.000000000E2,1.800000000E1
4.432203507E2,6.506770330E1,2.551286512E1,1.651510187E1,3.400000000E1,4.739999771E0,5.929999924E1,2.249393812E0,2.500000000E0,1.000000000E2,1.800000000E1
4.442204076E2,6.506773561E1,2.551294089E1,1.751508528E1,3.500000000E1,4.789999962E0,4.179999924E1,2.254248234E0,2.500000000E0,1.000000000E2,1.800000000E1
4.452087920E2,6.506776997E1,2.551300476E1,1.751506884E1,3.500000000E1,4.819999695E0,3.229999924E1,2.259521558E0,2.500000000E0,1.000000000E2,1.800000000E1
4.462054998E2,6.506780933E1,2.551306754E1,1.851505078E1,3.600000000E1,4.420000076E0,2.670000076E1,2.263831873E0,2.500000000E0,1.000000000E2,1.800000000E1
4.472010808E2,6.506784013E1,2.551312337E1,1.851503616E1,3.600000000E1,4.859999657E0,2.989999962E1,2.268540431E0,2.500000000E0,1.000000000E2,1.800000000E1
4.482202790E2,6.506787613E1,2.551317626E1,1.851501997E1,3.600000000E1,4.880000114E0,3.060000038E1,2.273692745E0,2.500000000E0,1.000000000E2,1.800000000E1
4.492207625E2,6.506791402E1,2.551323954E1,1.951500238E1,3.700000000E1,4.769999981E0,3.079999924E1,2.278738038E0,2.500000000E0,1.000000000E2,1.800000000E1
4.502136185E2,6.506795178E1,2.551329922E1,1.951498510E1,3.700000000E1,4.769999981E0,3.220000076E1,2.283619927E0,2.500000000E0,1.000000000E2,1.800000000E1
4.512213977E2,6.506798891E1,2.551335479E1,1.851496834E1,3.600000000E1,4.819999695E0,3.259999847E1,2.288241759E0,2.500000000E0,1.000000000E2,1.800000000E1
4.522107009E2,6.506802491E1,2.551340408E1,1.851495242E1,3.600000000E1,5.039999962E0,3.270000076E1,2.292859351E0,2.500000000E0,1.000000000E2,1.800000000E1
4.532143338E2,6.506806049E1,2.551345487E1,1.851493654E1,3.600000000E1,5.019999981E0,3.300000000E1,2.297908691E0,2.500000000E0,1.000000000E2,1.800000000E1
4.542282404E2,6.506809909E1,2.551351162E1,1.951491920E1,3.700000000E1,4.779999733E0,3.089999962E1,2.303004182E0,2.500000000E0,1.000000000E2,1.800000000E1
4.552256551E2,6.506813983E1,2.551356141E1,1.951490163E1,3.700000000E1,4.779999733E0,2.810000038E1,2.308212891E0,2.500000000E0,1.000000000E2,1.800000000E1
4.561782919E2,6.506818014E1,2.551361798E1,1.951488372E1,3.700000000E1,4.920000076E0,3.089999962E1,2.314095587E0,2.500000000E0,1.000000000E2,1.800000000E1
4.572331206E2,6.506822431E1,2.551368705E1,1.951486359E1,3.700000000E1,5.019999981E0,3.129999924E1,2.319889148E0,2.500000000E0,1.000000000E2,1.800000000E1
4.582080371E2,6.506826404E1,2.551376701E1,2.051484420E1,3.800000000E1,5.109999657E0,3.179999924E1,2.325142386E0,2.500000000E0,1.000000000E2,1.800000000E1
4.592089074E2,6.506830436E1,2.551382544E1,2.051482617E1,3.800000000E1,5.119999886E0,3.129999924E1,2.330285230E0,2.500000000E0,1.000000000E2,1.800000000E1
4.601976460E2,6.506834342E1,2.551388419E1,1.951480854E1,3.700000000E1,5.400000095E0,3.209999847E1,2.336062401E0,2.000000000E0,1.000000000E2,1.800000000E1
4.612075731E2,6.506839070E1,2.551393532E1,1.951478866E1,3.700000000E1,5.500000000E0,2.529999924E1,2.341818731E0,2.500000000E0,1.000000000E2,1.800000000E1
4.622285397E2,6.506843755E1,2.551398754E1,1.951476884E1,3.700000000E1,5.359999657E0,3.129999924E1,2.347310949E0,2.500000000E0,1.000000000E2,1.800000000E1
4.631906120E2,6.506847820E1,2.551405409E1,1.851475012E1,3.600000000E1,5.480000019E0,3.600000000E1,2.352439146E0,2.500000000E0,1.000000000E2,1.800000000E1
4.642253541E2,6.506851353E1,2.551412442E1,1.851473296E1,3.600000000E1,4.880000114E0,4.059999847E1,2.357656245E0,2.500000000E0,1.000000000E2,1.800000000E1
4.652261542E2,6.506854949E1,2.551419592E1,1.951471551E1,3.700000000E1,4.920000076E0,3.500000000E1,2.363277966E0,2.500000000E0,1.000000000E2,1.700000000E1
4.662366256E2,6.506859224E1,2.551425995E1,1.851469627E1,3.600000000E1,5.269999981E0,3.300000000E1,2.368199326E0,2.500000000E0,1.000000000E2,1.600000000E1
4.672171655E2,6.506862828E1,2.551432089E1,1.851467955E1,3.600000000E1,4.960000038E0,3.609999847E1,2.373036122E0,2.500000000E0,1.000000000E2,1.700000000E1
4.682105723E2,6.506866336E1,2.551438191E1,1.851466316E1,3.600000000E1,4.929999828E0,3.479999924E1,2.378240417E0,2.500000000E0,1.000000000E2,1.700000000E1
4.692213797E2,6.506870301E1,2.551444092E1,1.751464535E1,3.500000000E1,4.960000038E0,3.400000000E1,2.383231177E0,2.500000000E0,1.000000000E2,1.700000000E1
4.702128207E2,6.506874194E1,2.551449389E1,1.751462822E1,3.500000000E1,4.949999809E0,3.329999924E1,2.388405792E0,2.500000000E0,1.000000000E2,1.800000000E1
4.712102602E2,6.506878192E1,2.551455039E1,1.751461049E1,3.500000000E1,4.849999905E0,2.860000038E1,2.393553751E0,2.500000000E0,1.000000000E2,1.700000000E1
4.722267439E2,6.506882278E1,2.551460202E1,1.851459280E1,3.600000000E1,4.299999714E0,2.850000000E1,2.398060424E0,2.500000000E0,1.000000000E2,1.800000000E1
4.732217798E2,6.506885815E1,2.551464896E1,1.851457734E1,3.600000000E1,3.779999971E0,3.089999962E1,2.401851379E0,2.500000000E0,1.000000000E2,1.700000000E1
4.742202111E2,6.506888653E1,2.551469380E1,1.851456442E1,3.600000000E1,3.559999943E0,3.300000000E1,2.405348718E0,2.500000000E0,1.000000000E2,1.800000000E1
4.752173261E2,6.506891276E1,2.551473496E1,1.951455250E1,3.700000000E1,3.079999924E0,2.900000000E1,2.408317983E0,2.500000000E0,1.000000000E2,1.700000000E1
4.762165194E2,6.506893611E1,2.551476572E1,1.951454231E1,3.700000000E1,2.529999971E0,2.320000076E1,2.411189155E0,3.000000000E0,1.000000000E2,1.800000000E1
4.772154451E2,6.506896071E1,2.551478432E1,1.951453256E1,3.700000000E1,2.500000000E0,1.019999981E1,2.414002732E0,3.000000000E0,1.000000000E2,1.800000000E1
4.782147233E2,6.506898543E1,2.551479707E1,1.951452319E1,3.700000000E1,2.429999828E0,5.000000000E0,2.417222119E0,3.000000000E0,1.000000000E2,1.800000000E1
4.792324366E2,6.506901410E1,2.551480670E1,1.951451269E1,3.700000000E1,3.089999914E0,3.597999878E2,2.421127306E0,3.000000000E0,1.000000000E2,1.700000000E1
4.802139871E2,6.506904922E1,2.551480662E1,1.951450067E1,3.700000000E1,3.480000019E0,1.200000048E0,2.425267133E0,3.000000000E0,1.000000000E2,1.800000000E1
4.812285701E2,6.506908589E1,2.551482188E1,1.951448703E1,3.700000000E1,3.750000000E0,2.500000000E0,2.429488054E0,3.000000000E0,1.000000000E2,1.800000000E1
4.822165526E2,6.506912348E1,2.551483436E1,1.951447328E1,3.700000000E1,3.919999838E0,6.999999881E-1,2.434075048E0,3.000000000E0,1.000000000E2,1.600000000E1
4.832122477E2,6.506916443E1,2.551484627E1,1.951445841E1,3.700000000E1,4.059999943E0,2.400000095E0,2.438736351E0,3.000000000E0,1.000000000E2,1.800000000E1
4.842239152E2,6.506920516E1,2.551486974E1,1.951444280E1,3.700000000E1,4.789999962E0,3.700000048E0,2.444847730E0,3.000000000E0,1.000000000E2,1.800000000E1
4.852324082E2,6.506925923E1,2.551489321E1,1.951442263E1,3.700000000E1,5.369999886E0,5.699999809E0,2.451734671E0,3.000000000E0,1.000000000E2,1.800000000E1
4.862147019E2,6.506932075E1,2.551491014E1,1.951440037E1,3.700000000E1,6.679999828E0,5.500000000E0,2.459431360E0,3.000000000E0,1.000000000E2,1.800000000E1
4.872330918E2,6.506938986E1,2.551490092E1,1.951437738E1,3.700000000E1,6.869999886E0,3.586000061E2,2.467601534E0,3.000000000E0,1.000000000E2,1.800000000E1
4.882078592E2,6.506946282E1,2.551488038E1,1.951435387E1,3.700000000E1,6.879999638E0,3.590000000E2,2.474508716E0,3.000000000E0,1.000000000E2,1.800000000E1
4.892224895E2,6.506952493E1,2.551487803E1,1.851433278E1,3.600000000E1,6.899999619E0,4.000000060E-1,2.481196505E0,3.000000000E0,1.000000000E2,1.800000000E1
4.902204423E2,6.506958507E1,2.551487979E1,1.851431208E1,3.600000000E1,6.690000057E0,2.500000000E0,2.488325600E0,3.000000000E0,1.000000000E2,1.600000000E1
4.912239700E2,6.506964890E1,2.551486546E1,1.851429125E1,3.600000000E1,6.679999828E0,1.899999976E0,2.494939513E0,3.000000000E0,1.000000000E2,1.800000000E1
4.922358007E2,6.506970837E1,2.551486278E1,1.951427109E1,3.700000000E1,6.150000095E0,3.598999939E2,2.501315321E0,3.000000000E0,1.000000000E2,1.700000000E1
4.932228266E2,6.506976570E1,2.551486488E1,1.951425132E1,3.700000000E1,6.319999695E0,6.999999881E-1,2.508021851E0,3.000000000E0,1.000000000E2,1.800000000E1
4.942204560E2,6.506982601E1,2.551486295E1,1.951423081E1,3.700000000E1,6.349999905E0,3.597999878E2,2.514273863E0,3.000000000E0,1.000000000E2,1.700000000E1
4.952230470E2,6.506988167E1,2.551488189E1,1.851421043E1,3.600000000E1,6.199999809E0,2.700000048E0,2.520420540E0,3.000000000E0,1.000000000E2,1.800000000E1
4.962372605E2,6.506993686E1,2.551488910E1,1.851419103E1,3.600000000E1,6.250000000E0,4.900000095E0,2.527113469E0,3.000000000E0,1.000000000E2,1.800000000E1
4.972103029E2,6.506999596E1,2.551491626E1,1.851416889E1,3.600000000E1,6.929999828E0,1.060000038E1,2.534257504E0,3.000000000E0,1.000000000E2,1.800000000E1
4.982240162E2,6.507005752E1,2.551495984E1,1.851414475E1,3.600000000E1,6.589999676E0,1.260000038E1,2.541323621E0,3.000000000E0,1.000000000E2,1.800000000E1
4.992369255E2,6.507011879E1,2.551499982E1,1.751412097E1,3.500000000E1,6.579999924E0,1.310000038E1,2.547546532E0,3.000000000E0,1.000000000E2,1.700000000E1
5.002355131E2,6.507017227E1,2.551503897E1,1.851409992E1,3.600000000E1,6.179999828E0,1.689999962E1,2.553964359E0,3.000000000E0,1.000000000E2,1.800000000E1
5.011750514E2,6.507022633E1,2.551508691E1,1.751407805E1,3.500000000E1,6.210000038E0,1.650000000E1,2.559783636E0,3.000000000E0,1.000000000E2,1.700000000E1
5.022276072E2,6.507027608E1,2.551512547E1,1.751405832E1,3.500000000E1,5.920000076E0,1.289999962E1,2.565759560E0,3.000000000E0,1.000000000E2,1.800000000E1
5.031993461E2,6.507032696E1,2.551516654E1,1.751403803E1,3.500000000E1,5.889999866E0,1.419999981E1,2.572114483E0,3.000000000E0,1.000000000E2,1.700000000E1
5.042009298E2,6.507038152E1,2.551520686E1,1.851401654E1,3.600000000E1,5.589999676E0,1.850000000E1,2.578212327E0,3.000000000E0,1.000000000E2,1.800000000E1
5.052422263E2,6.507043316E1,2.551525069E1,1.751399581E1,3.500000000E1,5.619999886E0,1.970000076E1,2.584242319E0,3.500000000E0,1.000000000E2,1.700000000E1
5.062097613E2,6.507048307E1,2.551530099E1,1.751397521E1,3.500000000E1,5.710000038E0,2.260000038E1,2.589764626E0,3.500000000E0,1.000000000E2,1.700000000E1
5.072235883E2,6.507052628E1,2.551535907E1,1.751395636E1,3.500000000E1,5.359999657E0,2.950000000E1,2.594544677E0,3.000000000E0,1.000000000E2,1.600000000E1
5.082154799E2,6.507056119E1,2.551541858E1,1.751394026E1,3.500000000E1,4.949999809E0,3.209999847E1,2.599361108E0,3.500000000E0,1.000000000E2,1.600000000E1
5.092268738E2,6.507059723E1,2.551547558E1,1.651392394E1,3.400000000E1,4.739999771E0,2.979999924E1,2.604148645E0,3.500000000E0,1.000000000E2,1.700000000E1
5.102222476E2,6.507063168E1,2.551553685E1,1.651390788E1,3.400000000E1,5.029999733E0,3.010000038E1,2.609340602E0,3.500000000E0,1.000000000E2,1.700000000E1
5.112176526E2,6.507067095E1,2.551559678E1,1.651389026E1,3.400000000E1,4.969999790E0,2.820000076E1,2.614984577E0,3.500000000E0,1.000000000E2,1.700000000E1
5.122202325E2,6.507071294E1,2.551566442E1,1.651387118E1,3.400000000E1,5.009999752E0,2.779999924E1,2.620091863E0,3.500000000E0,1.000000000E2,1.600000000E1
5.132203206E2,6.507075028E1,2.551572788E1,1.651385399E1,3.400000000E1,4.900000095E0,3.089999962E1,2.624195189E0,3.500000000E0,1.000000000E2,1.800000000E1
5.142231144E2,6.507077761E1,2.551578672E1,1.551384054E1,3.300000000E1,4.369999886E0,3.529999924E1,2.628425626E0,3.500000000E0,1.000000000E2,1.800000000E1
5.152031322E2,6.507080762E1,2.551584220E1,1.651382641E1,3.400000000E1,4.619999886E0,3.459999847E1,2.633409088E0,3.500000000E0,1.000000000E2,1.800000000E1
5.162074979E2,6.507084211E1,2.551591010E1,1.651380989E1,3.400000000E1,5.119999886E0,3.010000038E1,2.638662630E0,3.000000000E0,1.000000000E2,1.800000000E1
5.172085669E2,6.507088318E1,2.551596550E1,1.651379200E1,3.400000000E1,5.449999809E0,2.850000000E1,2.643984766E0,3.000000000E0,1.000000000E2,1.800000000E1
5.182253916E2,6.507092346E1,2.551602686E1,1.651377396E1,3.400000000E1,5.369999886E0,2.820000076E1,2.649424573E0,3.500000000E0,1.000000000E2,1.800000000E1
5.192126564E2,6.507096746E1,2.551607757E1,1.651375540E1,3.400000000E1,5.150000095E0,2.229999924E1,2.654699549E0,3.500000000E0,1.000000000E2,1.800000000E1
5.202223315E2,6.507101088E1,2.551612291E1,1.551373742E1,3.300000000E1,4.889999866E0,2.079999924E1,2.659468839E0,3.500000000E0,1.000000000E2,1.800000000E1
5.212213017E2,6.507105161E1,2.551615477E1,1.551372130E1,3.300000000E1,4.889999866E0,2.350000000E1,2.663415179E0,4.000000000E0,1.000000000E2,1.800000000E1
5.222150429E2,6.507108527E1,2.551618150E1,1.551370796E1,3.300000000E1,4.449999809E0,2.020000076E1,2.667940838E0,4.000000000E0,1.000000000E2,1.800000000E1
5.232174362E2,6.507112257E1,2.551622014E1,1.551369254E1,3.300000000E1,3.990000010E0,1.920000076E1,2.671993848E0,4.000000000E0,1.000000000E2,1.800000000E1
5.242240225E2,6.507115718E1,2.551624722E1,1.551367884E1,3.300000000E1,3.779999971E0,1.989999962E1,2.676233186E0,4.000000000E0,1.000000000E2,1.800000000E1
5.252259867E2,6.507119356E1,2.551627429E1,1.551366455E1,3.300000000E1,4.380000114E0,1.620000076E1,2.681988140E0,4.000000000E0,1.000000000E2,1.800000000E1
5.262048156E2,6.507124398E1,2.551630204E1,1.451364542E1,3.200000000E1,4.429999828E0,1.400000000E1,NaN,3.500000000E0,1.000000000E2,1.800000000E1
